Matrix source row,Parent requirement,Verification owner
wave-a.csv:277,FR-242,Task.Desktop
wave-a.csv:287,FR-242,Task.Desktop
wave-a.csv:307,FR-242,Task.Desktop
wave-a.csv:335,FR-243,Task.Desktop
wave-a.csv:336,FR-244,Task.Desktop
wave-a.csv:337,FR-245,Task.Desktop
wave-a.csv:343,FR-243,Task.Desktop
wave-a.csv:344,FR-244,Task.Desktop
wave-a.csv:345,FR-245,Task.Desktop
wave-a.csv:351,FR-243,Task.Desktop
wave-a.csv:352,FR-244,Task.Desktop
wave-a.csv:353,FR-245,Task.Desktop
wave-a.csv:367,FR-243,Task.Desktop
wave-a.csv:368,FR-244,Task.Desktop
wave-a.csv:369,FR-245,Task.Desktop
wave-a.csv:384,FR-246,Task.Desktop
wave-a.csv:385,FR-246,Task.Desktop
wave-a.csv:386,FR-246,Task.Desktop
wave-a.csv:388,FR-246,Task.Desktop
wave-a.csv:474,FR-247,Task.Desktop
wave-a.csv:482,FR-247,Task.Desktop
wave-a.csv:498,FR-247,Task.Desktop
wave-a.csv:651,FR-248,Task.Desktop
wave-a.csv:652,FR-249,Task.Desktop
wave-a.csv:653,FR-250,Task.Desktop
wave-a.csv:668,FR-248,Task.Desktop
wave-a.csv:669,FR-249,Task.Desktop
wave-a.csv:670,FR-250,Task.Desktop
wave-a.csv:702,FR-248,Task.Desktop
wave-a.csv:703,FR-249,Task.Desktop
wave-a.csv:704,FR-250,Task.Desktop
wave-a.csv:816,FR-251,Task.Desktop
wave-a.csv:827,FR-251,Task.Desktop
wave-a.csv:849,FR-251,Task.Desktop
wave-a.csv:948,FR-252,Task.Desktop
wave-a.csv:958,FR-252,Task.Desktop
wave-a.csv:978,FR-252,Task.Desktop
wave-a.csv:1065,FR-253,Task.Desktop
wave-a.csv:1074,FR-253,Task.Desktop
wave-a.csv:1092,FR-253,Task.Desktop
wave-a.csv:1209,FR-254,Task.Desktop
wave-a.csv:1221,FR-254,Task.Desktop
wave-a.csv:1245,FR-254,Task.Desktop
wave-b.csv:305,FR-255,Task.Desktop
wave-b.csv:319,FR-255,Task.Desktop
wave-b.csv:347,FR-255,Task.Desktop
wave-b.csv:497,FR-256,Task.Desktop
wave-b.csv:498,FR-257,Task.Desktop
wave-b.csv:514,FR-256,Task.Desktop
wave-b.csv:515,FR-257,Task.Desktop
wave-b.csv:548,FR-256,Task.Desktop
wave-b.csv:549,FR-257,Task.Desktop
wave-b.csv:743,FR-258,Task.Desktop
wave-b.csv:765,FR-258,Task.Desktop
wave-b.csv:809,FR-258,Task.Desktop
wave-b.csv:997,FR-259,Task.Desktop
wave-b.csv:1021,FR-259,Task.Desktop
wave-b.csv:1069,FR-259,Task.Desktop
wave-b.csv:1121,FR-269,Task.Desktop
wave-b.csv:1128,FR-269,Task.Desktop
wave-b.csv:1142,FR-269,Task.Desktop
wave-c.csv:236,FR-260,Task.Desktop
wave-c.csv:242,FR-260,Task.Desktop
wave-c.csv:254,FR-260,Task.Desktop
wave-c.csv:300,FR-261,Task.Desktop
wave-c.csv:301,FR-279,Task.Desktop
wave-c.csv:306,FR-261,Task.Desktop
wave-c.csv:307,FR-279,Task.Desktop
wave-c.csv:318,FR-261,Task.Desktop
wave-c.csv:319,FR-279,Task.Desktop
wave-c.csv:339,FR-262,Task.Desktop
wave-c.csv:341,FR-262,Task.Desktop
wave-c.csv:343,FR-262,Task.Desktop
wave-c.csv:347,FR-262,Task.Desktop
wave-c.csv:381,FR-263,Task.Desktop
wave-c.csv:384,FR-263,Task.Desktop
wave-c.csv:390,FR-263,Task.Desktop
wave-c.csv:871,FR-265,Task.Desktop
wave-c.csv:925,FR-265,Task.Desktop
wave-c.csv:1033,FR-265,Task.Desktop
