"SCR ID","Module","Surface name","Surface type","Primary pattern","Shared components","Roles","Permission","Purpose","Entry points","Actions","States","Errors","Related SCR","Dependencies","Priority","Style dependency","Inventory status","Source line"
"SCR-001","Auth","Вход","page","Page","ConnectivityBanner; ErrorMessage; LoadingState; PageLayout; ProgressIndicator; ReadOnlyBanner; RetryAction; SurfaceTitle","Все/по состоянию session","Anonymous","Аутентификация по логину/паролю","Запуск; refresh failed","Войти; параметры сервера","loading; invalid; locked; blocked; unavailable","INVALID_CREDENTIALS; ACCOUNT_LOCKED_TEMPORARILY; ACCOUNT_BLOCKED","SCR-002; SCR-003; SCR-007","Credential Manager, TLS, auth pipeline","P0","VIS-001","Mapped","27"
"SCR-002","Auth","Подключение к серверу","page/dialog","Modal dialog","ConnectivityBanner; DialogShell; ErrorMessage; FieldLabel; FocusTrap; FormLayout; LoadingState; PageLayout; ProgressIndicator; ReadOnlyBanner; RetryAction; SurfaceTitle; ValidationMessage","Все/по состоянию session","Anonymous/Network allowlist","Настроить и проверить локальный сервер","Первый запуск; connection error; Settings","Проверить; сохранить endpoint","checking; TLS error; unavailable; incompatible","TIMEOUT; DEPENDENCY_UNAVAILABLE; CLIENT_VERSION_UNSUPPORTED","SCR-001; SCR-003; SCR-157","Credential Manager, TLS, auth pipeline","P0","VIS-001","Mapped","28"
"SCR-006","Auth","Сессия прервана","blocking dialog/page","Blocking state","DialogShell; FocusTrap; PageLayout; RecurrenceEditor; SurfaceTitle","Все/по состоянию session","Authenticated","Обработать expiry/revoke/device revoke","401/403 или security event","Повторный вход; закрыть; diagnostics","expired; revoked; compromised; device revoked","SESSION_EXPIRED; SESSION_REVOKED; REFRESH_TOKEN_REUSE; DEVICE_REVOKED","SCR-001","Credential Manager, TLS, auth pipeline","P0","VIS-001","Mapped","29"
"SCR-003","Sync","Bootstrap и запуск","page","Page","ConnectivityBanner; LoadingState; PageLayout; Pagination; ProgressIndicator; ReadOnlyBanner; RecurrenceEditor; RetryAction; SemanticStatus; SurfaceTitle","Все аутентифицированные","Sync.Read","Подготовить разрешённый cache","После login; cursor expired; cache reset","Повторить; diagnostics; logout","dataset progress; reconnecting; scope changed","SYNC_SCOPE_CHANGED; SYNC_CURSOR_EXPIRED; DATABASE_UNAVAILABLE","SCR-004; SCR-001; SCR-160","Encrypted SQLite, realtime/polling","P0","VIS-001","Mapped","35"
"SCR-160","Sync","Sync status","popover/panel","Popover","ConnectivityBanner; DateTimePicker; InspectorPanel; LoadingState; Pagination; PopoverSurface; ProgressIndicator; ReadOnlyBanner; RetryAction; SemanticStatus; SurfaceTitle","Все аутентифицированные","Sync.Read","Online/realtime/polling/cursor/last sync","Status bar click","Sync now; diagnostics","reconnecting; pending; scope changed","SYNC_CURSOR_EXPIRED; SYNC_SCOPE_CHANGED","SCR-156; SCR-003","Encrypted SQLite, realtime/polling","P0","VIS-001","Mapped","36"
"SCR-206","Sync","Sync status popover","status popover","Status popover","DateTimePicker; ErrorMessage; LoadingState; Pagination; PopoverSurface; ProgressIndicator; SemanticStatus; SurfaceTitle","Все аутентифицированные","Sync.Read","Last sync, pending invalidations, realtime/polling","Global status click","Sync now; diagnostics","pending; cursor expired; scope changed","SYNC_CURSOR_EXPIRED; SYNC_SCOPE_CHANGED","SCR-003; SCR-156","Encrypted SQLite, realtime/polling","P0","VIS-001","Mapped","37"
"SCR-004","Shell","Главное окно","shell","Application shell","CommandBar; ConnectionStatus; ConnectivityBanner; FieldLabel; FileLocationView; FormLayout; NavigationRail; ProfileMenu; ReadOnlyBanner; RetryAction; SearchBox; SemanticStatus; SurfaceTitle; ValidationMessage","Все аутентифицированные","Authenticated","Постоянная навигация и рабочая область","После bootstrap; deep link; tray","Навигация; search; quick create; profile","online; offline; syncing; maintenance; storage full","SESSION_REVOKED; MAINTENANCE_MODE; STORAGE_FULL","Все primary sections","Navigation, realtime, local cache","P0","VIS-001","Mapped","43"
"SCR-005","Shell","Command palette","overlay","Overlay / command surface","ConnectivityBanner; DateTimePicker; EmptyState; FieldLabel; FilterBar; FormLayout; PermissionState; PopoverSurface; ReadOnlyBanner; RetryAction; SemanticStatus; SurfaceTitle; ValidationMessage","Все аутентифицированные","Local + target capability","Клавиатурная навигация и команды","Ctrl+K","Перейти; создать; выполнить разрешённое","empty; filtered; offline limited","FORBIDDEN after server recheck","Target route/deep link","Navigation, realtime, local cache","P0","VIS-001","Mapped","44"
"SCR-007","Shell","Требуется обновление","blocking page","Blocking state","ConnectivityBanner; DialogShell; FocusTrap; PageLayout; ReadOnlyBanner; RetryAction; SemanticStatus; SurfaceTitle","Все аутентифицированные","Authenticated","Заблокировать несовместимый клиент","426; capability check","Обновить; закрыть","required; download/signature failure","CLIENT_VERSION_UNSUPPORTED; DEPENDENCY_UNAVAILABLE","SCR-003 after update","Navigation, realtime, local cache","P0","VIS-001","Mapped","45"
"SCR-008","Shell","Глобальный quick create","popover","Popover","ConnectivityBanner; DateTimePicker; ErrorMessage; FieldLabel; FormLayout; PermissionState; PopoverSurface; ReadOnlyBanner; RetryAction; SemanticStatus; SurfaceTitle; TaskRow; TaskStatusControl; UrgencyIndicator; ValidationMessage","Все аутентифицированные","Task.Create / Inbox.ManageOwn","Создать Task или InboxItem без смены контекста","Ctrl+N; Ctrl+Shift+N; global button; tray","Создать; открыть full editor","validation; offline disabled; forbidden","VALIDATION_FAILED; FORBIDDEN; DATABASE_UNAVAILABLE","SCR-024; current route","Navigation, realtime, local cache","P0","VIS-001","Mapped","46"
"SCR-211","Shell","System tray menu","tray surface","Windows integration surface","ConnectivityBanner; ReadOnlyBanner; RetryAction; SemanticStatus; SurfaceTitle","Все аутентифицированные","Authenticated","Open, quick capture, DND, sync, logout/exit","Tray icon","Open; quick capture; DND; sync; logout; exit","offline; session revoked","SESSION_REVOKED; DATABASE_UNAVAILABLE","SCR-004; SCR-008; SCR-130","Navigation, realtime, local cache","P0","VIS-001","Mapped","47"
"SCR-212","Shell","Toast deep-link activation","system integration","Windows integration surface","NotificationItem; PermissionState; SemanticStatus; SurfaceTitle","Все аутентифицированные","Authenticated","Focus existing instance and navigate safely","Toast click/action","Open/focus; unavailable state if access changed","session expired; target hidden","SESSION_EXPIRED; OBJECT_NOT_VISIBLE","SCR-006; target","Navigation, realtime, local cache","P0","VIS-001","Mapped","48"
"SCR-010","Today","Сегодня","page","Page","ConflictNotice; ConnectivityBanner; EmptyState; ErrorMessage; FilterBar; LoadingState; PageLayout; PermissionState; ProgressIndicator; ReadOnlyBanner; ReminderEditor; RetryAction; SemanticStatus; SurfaceTitle; TaskRow; TaskStatusControl; UrgencyIndicator","Все по разрешённому scope","Calendar.Read","Главный рабочий экран","Default; Alt+1","Open; transition; complete; move; snooze; scope filter","section loading/error; empty; stale; offline; partial","INVALID_STATE_TRANSITION; VERSION_CONFLICT; FORBIDDEN","SCR-024; SCR-040; SCR-130","Calendar projection, timezone, capabilities","P0","VIS-001","Mapped","54"
"SCR-011","Today","Фильтр Today","panel","Panel","FieldLabel; FilterBar; FormLayout; InspectorPanel; PeoplePicker; PermissionState; ReminderEditor; SurfaceTitle; TaskRow; TaskStatusControl; UrgencyIndicator; ValidationMessage","Все по разрешённому scope","Calendar.Read + directory scope","Выбрать self/employee/department и блоки","SCR-010 command bar","Apply; reset","partial directory; forbidden scope","FORBIDDEN; OBJECT_NOT_VISIBLE","SCR-010","Calendar projection, timezone, capabilities","P0","VIS-001","Mapped","55"
"SCR-012","Inbox","Входящие","page","Page","BulkResultSummary; ConflictNotice; ConnectivityBanner; DataList; EmptyState; FilterBar; PageLayout; PermissionState; ProjectPicker; ReadOnlyBanner; RetryAction; SurfaceTitle","Владелец InboxItem","Inbox.ReadOwn","Захват и очередь классификации","Alt+2","Capture; edit; convert; batch; trash","empty; filtered; offline read-only; conflict","VERSION_CONFLICT; OBJECT_DELETED; FORBIDDEN","SCR-013; SCR-020; SCR-080","Own-scope policy, transactional conversion","P0","VIS-001","Mapped","61"
"SCR-013","Inbox","Обработка входящего","drawer/dialog","Drawer","ConflictNotice; DialogShell; ErrorMessage; FocusTrap; InspectorPanel; PermissionState; ProjectPicker; SurfaceTitle; TaskRow; TaskStatusControl; UrgencyIndicator","Владелец InboxItem","Inbox.ManageOwn","Преобразовать в Task/CatalogItem","Selection/context action","Set target fields; convert","validation; target forbidden; duplicate; conflict","VALIDATION_FAILED; FORBIDDEN; DUPLICATE_RESOURCE; VERSION_CONFLICT","SCR-024 or SCR-081","Own-scope policy, transactional conversion","P0","VIS-001","Mapped","62"
"SCR-014","Inbox","Контекстное меню Входящих","context menu","Context menu","ContextMenu; PermissionState; ProjectPicker; SurfaceTitle","Владелец InboxItem","Inbox.ManageOwn","Быстрые операции над item/selection","Right click; Shift+F10","Convert; edit; trash; restore","disabled reason; stale selection","FORBIDDEN; OBJECT_DELETED","SCR-013; SCR-141","Own-scope policy, transactional conversion","P0","VIS-001","Mapped","63"
"SCR-020","Tasks","Задачи: список/дерево","page","Data list","ConnectivityBanner; DataList; EmptyState; FieldLabel; FilterBar; FormLayout; LoadingState; PageLayout; PeoplePicker; PermissionState; ProgressIndicator; ReadOnlyBanner; RecurrenceEditor; ReminderEditor; RetryAction; SearchBox; SelectionBar; SurfaceTitle; TaskRow; TaskStatusControl; TreeView; UrgencyIndicator; ValidationMessage","Все с Task.Read; write по capability","Task.Read","Найти, отфильтровать и выполнить задачи","Alt+4; project/contact/search links","Open; select; quick transition; create; multi-select","loading; empty; filtered; partial; stale; offline","OBJECT_NOT_VISIBLE","SCR-024; SCR-031; SCR-034","ETag/If-Match, task aggregate, directory","P0","VIS-001","Mapped","69"
"SCR-021","Tasks","Фильтры задач","panel","Panel","DateTimePicker; EmptyState; FieldLabel; FileLocationView; FilterBar; FormLayout; InspectorPanel; PeoplePicker; PermissionState; ProjectPicker; RecurrenceEditor; ReminderEditor; SemanticStatus; SurfaceTitle; TaskRow; TaskStatusControl; UrgencyIndicator; ValidationMessage","Все с Task.Read; write по capability","Task.Read","Project/assignee/department/status/priority/date/contact/file filters","SCR-020","Apply; reset; save local view state","filtered empty; removed filter value","OBJECT_NOT_VISIBLE","SCR-020","ETag/If-Match, task aggregate, directory","P0","VIS-001","Mapped","70"
"SCR-022","Tasks","Быстрое создание задачи","popover/dialog","Popover","ConnectivityBanner; DateTimePicker; DialogShell; ErrorMessage; FieldLabel; FocusTrap; FormLayout; PeoplePicker; PermissionState; PopoverSurface; ReadOnlyBanner; RecurrenceEditor; ReminderEditor; RetryAction; SurfaceTitle; TaskRow; TaskStatusControl; UrgencyIndicator; ValidationMessage","Все с Task.Read; write по capability","Task.Create","Создать task минимально","Ctrl+N; Today/Calendar slot; Project","Create; create and open","validation; offline; forbidden","VALIDATION_FAILED; FORBIDDEN; DATABASE_UNAVAILABLE","SCR-024","ETag/If-Match, task aggregate, directory","P0","VIS-001","Mapped","71"
"SCR-023","Tasks","Полный редактор задачи","page/dialog","Modal dialog","ConflictNotice; DialogShell; FieldLabel; FocusTrap; FormLayout; LifecycleBanner; PageLayout; PeoplePicker; PermissionState; RecurrenceEditor; ReminderEditor; SurfaceTitle; TaskRow; TaskStatusControl; UrgencyIndicator; ValidationMessage","Все с Task.Read; write по capability","Task.Create/Task.Update","Явно сохранить сложный Task draft","Create/Edit","Save; save-close; cancel; sub-editors","dirty; validation; conflict; archived; trashed; field forbidden","VERSION_CONFLICT; PRECONDITION_REQUIRED; OBJECT_ARCHIVED; OBJECT_DELETED","SCR-024; SCR-032","ETag/If-Match, task aggregate, directory","P0","VIS-001","Mapped","72"
"SCR-024","Tasks","Карточка задачи","page","Page","CommentThread; ConflictNotice; ConnectivityBanner; DataList; FileLocationView; InspectorPanel; LifecycleBanner; LoadingState; PageLayout; PeoplePicker; PermissionState; ProgressIndicator; ReadOnlyBanner; RecurrenceEditor; ReminderEditor; RetryAction; SearchBox; SurfaceTitle; TaskRow; TaskStatusControl; TimelineHistory; UrgencyIndicator","Все с Task.Read; write по capability","Task.Read","Полный рабочий контекст Task","List/Today/Calendar/Search/Notification/deep link","Transition; edit; assign; comments/files; lifecycle","loading; stale; partial; archived; trashed; unavailable","OBJECT_NOT_VISIBLE; FORBIDDEN; VERSION_CONFLICT","Related Project/Contact/File/History","ETag/If-Match, task aggregate, directory","P0","VIS-001","Mapped","73"
"SCR-025","Tasks","Инспектор задачи","side panel","Details inspector","ConflictNotice; ConnectivityBanner; ErrorMessage; InspectorPanel; PeoplePicker; ReadOnlyBanner; RecurrenceEditor; ReminderEditor; RetryAction; SemanticStatus; SurfaceTitle; TaskRow; TaskStatusControl; UrgencyIndicator","Все с Task.Read; write по capability","Task.Read","Быстрый просмотр и узкие команды","Selection in list/calendar/today","Open full; transition; complete; move","stale; offline; partial","VERSION_CONFLICT; INVALID_STATE_TRANSITION","SCR-024","ETag/If-Match, task aggregate, directory","P0","VIS-001","Mapped","74"
"SCR-026","Tasks","Редактор recurrence","dialog","Modal dialog","ConflictNotice; DateTimePicker; DialogShell; ErrorMessage; FieldLabel; FocusTrap; FormLayout; PeoplePicker; RecurrenceEditor; ReminderEditor; SurfaceTitle; TaskRow; TaskStatusControl; UrgencyIndicator; ValidationMessage","Все с Task.Read; write по capability","Task.ManageRecurrence","Создать/изменить rule, timezone, termination","Task editor/details","Preview; save; pause/cancel","invalid rule; DST; conflict","RECURRENCE_RULE_INVALID; VERSION_CONFLICT","SCR-027; SCR-024","ETag/If-Match, task aggregate, directory","P0","VIS-001","Mapped","75"
"SCR-027","Tasks","Scope изменения серии","dialog","Modal dialog","ConflictNotice; DialogShell; FieldLabel; FocusTrap; FormLayout; LoadingState; PeoplePicker; ProgressIndicator; RecurrenceEditor; ReminderEditor; SurfaceTitle; TaskRow; TaskStatusControl; UrgencyIndicator; ValidationMessage","Все с Task.Read; write по capability","Task.ManageRecurrence","Выбрать one/current+future/all","Edit occurrence/series","Apply scope; cancel","conflict; occurrence exists; background apply","VERSION_CONFLICT; RECURRENCE_OCCURRENCE_EXISTS","SCR-024; SCR-209","ETag/If-Match, task aggregate, directory","P0","VIS-001","Mapped","76"
"SCR-028","Tasks","Напоминания","dialog/panel","Panel","ConnectivityBanner; DialogShell; ErrorMessage; FocusTrap; InspectorPanel; PeoplePicker; PermissionState; ReadOnlyBanner; RecurrenceEditor; ReminderEditor; RetryAction; SurfaceTitle; TaskRow; TaskStatusControl; UrgencyIndicator","Все с Task.Read; write по capability","Reminder.ManageOwn","Absolute/offset reminders, snooze/dismiss","Task/Event details; Settings","Add; edit; remove; snooze","invalid time; offline; target unavailable","VALIDATION_FAILED; OBJECT_NOT_VISIBLE; FORBIDDEN","SCR-024; SCR-153","ETag/If-Match, task aggregate, directory","P0","VIS-001","Mapped","77"
"SCR-029","Tasks","Исполнители и наблюдатели","dialog","Modal dialog","ConflictNotice; DateTimePicker; DialogShell; FieldLabel; FocusTrap; FormLayout; PeoplePicker; PermissionState; RecurrenceEditor; ReminderEditor; SearchBox; SurfaceTitle; TaskRow; TaskStatusControl; UrgencyIndicator; ValidationMessage","Все с Task.Read; write по capability","Task.Assign / Task.Watch","Изменить people relations","Task details/editor","Add/remove; primary; search","partial directory; inactive user; conflict","FORBIDDEN; VERSION_CONFLICT; OBJECT_NOT_VISIBLE","SCR-024","ETag/If-Match, task aggregate, directory","P0","VIS-001","Mapped","78"
"SCR-030","Tasks","Зависимости задач","panel/dialog","Panel","ConflictNotice; DateTimePicker; DialogShell; FieldLabel; FocusTrap; FormLayout; InspectorPanel; PeoplePicker; PermissionState; RecurrenceEditor; ReminderEditor; SurfaceTitle; TaskRow; TaskStatusControl; UrgencyIndicator; ValidationMessage","Все с Task.Read; write по capability","Task.Update","Создать finish-to-start links без cycles","Task details","Add/remove/open related","cycle; hidden target; conflict","DEPENDENCY_CYCLE; OBJECT_NOT_VISIBLE; VERSION_CONFLICT","SCR-024","ETag/If-Match, task aggregate, directory","P0","VIS-001","Mapped","79"
"SCR-031","Tasks","Массовые действия задач","action bar","Selection action bar","BulkResultSummary; ConflictNotice; ErrorMessage; PeoplePicker; RecurrenceEditor; ReminderEditor; SelectionBar; SemanticStatus; SurfaceTitle; TaskRow; TaskStatusControl; UrgencyIndicator","Все с Task.Read; write по capability","Task.ChangeStatus","Безопасные batch transitions","Multi-select SCR-020","Transition; clear selection; inspect failures","mixed state; request too large; stale selection","INVALID_STATE_TRANSITION; REQUEST_TOO_LARGE; VERSION_CONFLICT","SCR-020; SCR-209","ETag/If-Match, task aggregate, directory","P0","VIS-001","Mapped","80"
"SCR-032","Tasks","Разрешение конфликта Task","dialog/page","Modal dialog","ConflictNotice; DialogShell; FieldLabel; FocusTrap; FormLayout; LifecycleBanner; PageLayout; PeoplePicker; RecurrenceEditor; ReminderEditor; SurfaceTitle; TaskRow; TaskStatusControl; UrgencyIndicator; ValidationMessage","Все с Task.Read; write по capability","Original command permission","Сравнить base/server/local и повторить безопасно","VERSION_CONFLICT","Reload; compare; reapply; discard","same field; different fields; deleted/completed/archived","VERSION_CONFLICT; OBJECT_DELETED; OBJECT_ARCHIVED","SCR-023; SCR-024","ETag/If-Match, task aggregate, directory","P0","VIS-001","Mapped","81"
"SCR-033","Tasks","Подзадачи и чек-листы","tab/panel","Panel","ConflictNotice; ConnectivityBanner; FieldLabel; FormLayout; InspectorPanel; PeoplePicker; ReadOnlyBanner; RecurrenceEditor; ReminderEditor; RetryAction; SurfaceTitle; TaskRow; TaskStatusControl; UrgencyIndicator; ValidationMessage","Все с Task.Read; write по capability","Task.Read/Update/ChangeStatus","Один уровень subtasks и lightweight checklist","Task card tab","Create subtask; toggle; reorder; delete","depth exceeded; conflict; offline","SUBTASK_DEPTH_EXCEEDED; VERSION_CONFLICT","SCR-024; SCR-023","ETag/If-Match, task aggregate, directory","P0","VIS-001","Mapped","82"
"SCR-034","Tasks","Контекстное меню задачи","context menu","Context menu","ContextMenu; LifecycleBanner; PeoplePicker; PermissionState; RecurrenceEditor; ReminderEditor; SemanticStatus; SurfaceTitle; TaskRow; TaskStatusControl; UrgencyIndicator","Все с Task.Read; write по capability","Capability-dependent","Быстрые применимые команды","Right click; Shift+F10","Open; transition; assign; move; archive; trash; copy link","disabled for temporary state; mixed selection","FORBIDDEN; OBJECT_ARCHIVED; OBJECT_DELETED","Relevant dialog/screen","ETag/If-Match, task aggregate, directory","P0","VIS-001","Mapped","83"
"SCR-035","Tasks","Комментарии объекта","tab/panel","Panel","CommentThread; ConflictNotice; ConnectivityBanner; InspectorPanel; LoadingState; PeoplePicker; PermissionState; ProgressIndicator; ReadOnlyBanner; RecurrenceEditor; ReminderEditor; RetryAction; SurfaceTitle; TaskRow; TaskStatusControl; UrgencyIndicator","Все с Task.Read; write по capability","Comment.Read/Create/UpdateOwnOrModerate","Обсуждение с сохранением versions","Object card tab","Add; edit own; delete; restore moderate","loading; tombstone; permission revoked; offline","FORBIDDEN; OBJECT_NOT_VISIBLE; VERSION_CONFLICT","SCR-201","ETag/If-Match, task aggregate, directory","P0","VIS-001","Mapped","84"
"SCR-036","Tasks","История объекта","tab/panel","Panel","DateTimePicker; InspectorPanel; PeoplePicker; PermissionState; RecurrenceEditor; RedactionMarker; ReminderEditor; SurfaceTitle; TaskRow; TaskStatusControl; TimelineHistory; UrgencyIndicator","Все с Task.Read; write по capability","History.Read","Структурированные изменения без raw JSON","Object card tab","Page; inspect version; copy timestamp","redaction; access revoked","OBJECT_NOT_VISIBLE; FORBIDDEN","SCR-201","ETag/If-Match, task aggregate, directory","P0","VIS-001","Mapped","85"
"SCR-040","Calendar","Календарь","page","Page","ConnectivityBanner; DateTimePicker; EmptyState; FieldLabel; FilterBar; FormLayout; LoadingState; PageLayout; ProgressIndicator; ProjectPicker; ReadOnlyBanner; RetryAction; SurfaceTitle; TaskRow; TaskStatusControl; UrgencyIndicator; ValidationMessage","Все с Calendar.Read; write по target capability","Calendar.Read","Day/week/month schedule projection","Alt+3; Today; Project","Range/view/filter; create; drag; resize; open","range loading; empty; offline; partial; timezone","CALENDAR_RANGE_TOO_LARGE; DATABASE_UNAVAILABLE","SCR-041..047; SCR-025","Range API, timezone, virtualized canvas","P1","VIS-001","Mapped","91"
"SCR-041","Calendar","Календарь: день","tab/view","Tab workspace","ConflictNotice; ConnectivityBanner; DateTimePicker; FieldLabel; FormLayout; PermissionState; ReadOnlyBanner; RetryAction; SurfaceTitle; TaskRow; TaskStatusControl; UrgencyIndicator; ValidationMessage","Все с Calendar.Read; write по target capability","Calendar.Read","Почасовой день","SCR-040 view switch","Create by slot; move; resize; open","overlap; current time; offline","VERSION_CONFLICT; FORBIDDEN","SCR-044; SCR-047","Range API, timezone, virtualized canvas","P1","VIS-001","Mapped","92"
"SCR-042","Calendar","Календарь: неделя","tab/view","Tab workspace","DateTimePicker; FilterBar; PeoplePicker; SurfaceTitle; TaskRow; TaskStatusControl; UrgencyIndicator","Все с Calendar.Read; write по target capability","Calendar.Read","Сравнить дни/lanes сотрудников","SCR-040 view switch","Move/resize; navigate; filter employees","dense overlap; partial scope","CALENDAR_RANGE_TOO_LARGE","SCR-044; SCR-047","Range API, timezone, virtualized canvas","P1","VIS-001","Mapped","93"
"SCR-043","Calendar","Календарь: месяц","tab/view","Tab workspace","ConnectivityBanner; DateTimePicker; ReadOnlyBanner; RetryAction; SurfaceTitle; TaskRow; TaskStatusControl; UrgencyIndicator","Все с Calendar.Read; write по target capability","Calendar.Read","Обзор дат компактными cards","SCR-040 view switch","Open day/item; move date-only by date","overflow +N; offline","CALENDAR_RANGE_TOO_LARGE","SCR-041; SCR-025","Range API, timezone, virtualized canvas","P1","VIS-001","Mapped","94"
"SCR-044","Calendar","Редактор CalendarEvent","page/dialog","Modal dialog","ConflictNotice; DateTimePicker; DialogShell; ErrorMessage; FieldLabel; FocusTrap; FormLayout; LifecycleBanner; PageLayout; SemanticStatus; SurfaceTitle; TaskRow; TaskStatusControl; UrgencyIndicator; ValidationMessage","Все с Calendar.Read; write по target capability","CalendarEvent.Create/Update","Создать event без task workflow","Calendar slot/event details","Save; archive; trash; respond invite","validation; conflict; archived/trashed","VERSION_CONFLICT; INVALID_STATE_TRANSITION; OBJECT_ARCHIVED","SCR-040; SCR-028","Range API, timezone, virtualized canvas","P1","VIS-001","Mapped","95"
"SCR-045","Calendar","Фильтры календаря","panel","Panel","DateTimePicker; EmptyState; FieldLabel; FilterBar; FormLayout; InspectorPanel; PermissionState; ProjectPicker; SemanticStatus; SurfaceTitle; TaskRow; TaskStatusControl; UrgencyIndicator; ValidationMessage","Все с Calendar.Read; write по target capability","Calendar.Read","Projects/users/departments/status/types","SCR-040","Apply; reset; local save","partial scope; empty","FORBIDDEN","SCR-040","Range API, timezone, virtualized canvas","P1","VIS-001","Mapped","96"
"SCR-046","Calendar","Предупреждение overlap","inline/dialog","Modal dialog","ConflictNotice; DateTimePicker; DialogShell; FocusTrap; SurfaceTitle; TaskRow; TaskStatusControl; UrgencyIndicator","Все с Calendar.Read; write по target capability","Target update permission","Предупредить, не блокируя overlap","Create/move/resize","Proceed; adjust; inspect","partial visibility; race conflict","VERSION_CONFLICT","SCR-040; SCR-044","Range API, timezone, virtualized canvas","P1","VIS-001","Mapped","97"
"SCR-047","Calendar","Conflict после drag/resize","dialog","Modal dialog","ConflictNotice; DateTimePicker; DialogShell; FieldLabel; FocusTrap; FormLayout; SurfaceTitle; TaskRow; TaskStatusControl; UrgencyIndicator; ValidationMessage","Все с Calendar.Read; write по target capability","Target update permission","Откатить preview и разрешить conflict","409 after move","Reload; choose slot; reapply","changed/deleted/completed target","VERSION_CONFLICT; OBJECT_DELETED","SCR-040; SCR-032","Range API, timezone, virtualized canvas","P1","VIS-001","Mapped","98"
"SCR-060","Projects","Проекты: список","page","Data list","ConnectivityBanner; DataList; EmptyState; FieldLabel; FilterBar; FormLayout; PageLayout; PeoplePicker; PermissionState; ProjectPicker; ReadOnlyBanner; RetryAction; SurfaceTitle; ValidationMessage","Project readers; write по project capability","Project.Read","Найти active/planning/paused/completed projects","Alt+5","Open; create; filter; lifecycle","empty; filtered; partial; offline","OBJECT_NOT_VISIBLE","SCR-061; SCR-070","Project context, authorization scope invalidation","P1","VIS-001","Mapped","104"
"SCR-061","Projects","Проект: обзор","page","Page","LifecycleBanner; LoadingState; PageLayout; PeoplePicker; PermissionState; ProgressIndicator; ProjectPicker; SearchBox; SemanticStatus; SurfaceTitle","Project readers; write по project capability","Project.Read","Сводка и рабочие tabs","List/Search/links","Edit; status; add member; tabs; lifecycle","loading; partial tabs; completed; archived; trashed","OBJECT_NOT_VISIBLE; OBJECT_ARCHIVED","SCR-062..072","Project context, authorization scope invalidation","P1","VIS-001","Mapped","105"
"SCR-062","Projects","Проект: задачи","tab","Tab workspace","BulkResultSummary; EmptyState; FieldLabel; FormLayout; LifecycleBanner; PeoplePicker; PermissionState; ProjectPicker; SurfaceTitle; TaskRow; TaskStatusControl; UrgencyIndicator; ValidationMessage","Project readers; write по project capability","Project.Read + Task.Read","Task list scoped by project","SCR-061","Create; open; bulk transition","empty; partial; project archived","FORBIDDEN","SCR-020; SCR-024","Project context, authorization scope invalidation","P1","VIS-001","Mapped","106"
"SCR-063","Projects","Проект: календарь","tab","Tab workspace","ConnectivityBanner; DateTimePicker; FieldLabel; FormLayout; PeoplePicker; PermissionState; ProjectPicker; ReadOnlyBanner; RetryAction; SurfaceTitle; ValidationMessage","Project readers; write по project capability","Calendar.Read","Schedule scoped by project","SCR-061","Open; create/move if allowed","offline; partial","FORBIDDEN","SCR-040","Project context, authorization scope invalidation","P1","VIS-001","Mapped","107"
"SCR-064","Projects","Проект: участники","tab/page","Tab workspace","ConflictNotice; PageLayout; PeoplePicker; PermissionState; ProjectPicker; SurfaceTitle","Project readers; write по project capability","Project.ManageMembers for write","Members, roles, overrides, ownership","SCR-061","Add; role; remove; transfer ownership","owner invariant; duplicate; scope changed","DUPLICATE_RESOURCE; FORBIDDEN; VERSION_CONFLICT","SCR-071; SCR-179","Project context, authorization scope invalidation","P1","VIS-001","Mapped","108"
"SCR-065","Projects","Проект: файлы","tab","Tab workspace","ConnectivityBanner; FieldLabel; FileLocationView; FormLayout; PeoplePicker; PermissionState; ProjectPicker; ReadOnlyBanner; RetryAction; SurfaceTitle; ValidationMessage","Project readers; write по project capability","Project.Read + FileCatalog.Read","Связанные CatalogItems","SCR-061","Open; link/unlink; create item","partial path; file unavailable","FILE_NO_LOCATION; FORBIDDEN","SCR-080; SCR-081; SCR-084","Project context, authorization scope invalidation","P1","VIS-001","Mapped","109"
"SCR-066","Projects","Проект: контакты","tab","Tab workspace","PeoplePicker; PermissionState; ProjectPicker; RedactionMarker; SurfaceTitle","Project readers; write по project capability","Project.Read + Contact.Read","Связанные contacts/companies","SCR-061","Open; link/unlink","partial access","OBJECT_NOT_VISIBLE","SCR-110..114","Project context, authorization scope invalidation","P1","VIS-001","Mapped","110"
"SCR-067","Projects","Проект: комментарии","tab","Tab workspace","CommentThread; ConnectivityBanner; PeoplePicker; PermissionState; ProjectPicker; ReadOnlyBanner; RetryAction; SurfaceTitle","Project readers; write по project capability","Comment.Read/Create","Обсуждение проекта","SCR-061","Add/edit/delete per capability","offline; permission change","FORBIDDEN","SCR-035","Project context, authorization scope invalidation","P1","VIS-001","Mapped","111"
"SCR-068","Projects","Проект: история","tab","Tab workspace","PeoplePicker; PermissionState; ProjectPicker; RedactionMarker; SurfaceTitle; TimelineHistory","Project readers; write по project capability","History.Read","История project/member changes","SCR-061","Inspect changes","redacted; access revoked","OBJECT_NOT_VISIBLE","SCR-201","Project context, authorization scope invalidation","P1","VIS-001","Mapped","112"
"SCR-069","Projects","Проект: настройки","tab/page","Tab workspace","ConflictNotice; ErrorMessage; FieldLabel; FormLayout; PageLayout; PeoplePicker; PermissionState; ProjectPicker; SemanticStatus; SurfaceTitle; ValidationMessage","Project readers; write по project capability","Project.Update","Metadata и status settings","SCR-061","Save; pause/complete; lifecycle","conflict; forbidden field; active task warning","VERSION_CONFLICT; INVALID_STATE_TRANSITION","SCR-070; SCR-072","Project context, authorization scope invalidation","P1","VIS-001","Mapped","113"
"SCR-070","Projects","Создать/редактировать проект","page/dialog","Modal dialog","ConflictNotice; DateTimePicker; DialogShell; ErrorMessage; FieldLabel; FocusTrap; FormLayout; PageLayout; PeoplePicker; ProjectPicker; SurfaceTitle; ValidationMessage","Project readers; write по project capability","Project.Create/Update","Явно сохранить Project draft","Project list/overview","Save; cancel","validation; duplicate; conflict","VALIDATION_FAILED; DUPLICATE_RESOURCE; VERSION_CONFLICT","SCR-061","Project context, authorization scope invalidation","P1","VIS-001","Mapped","114"
"SCR-071","Projects","Project role/overrides","dialog","Modal dialog","ConflictNotice; DialogShell; FieldLabel; FocusTrap; FormLayout; PeoplePicker; PermissionState; ProjectPicker; SurfaceTitle; ValidationMessage","Project readers; write по project capability","Project.ManageMembers","Выбрать role и редкие overrides","SCR-064","Apply; reset overrides","forbidden; scope changed; owner restriction","FORBIDDEN; SYNC_SCOPE_CHANGED; VERSION_CONFLICT","SCR-064","Project context, authorization scope invalidation","P1","VIS-001","Mapped","115"
"SCR-072","Projects","Lifecycle проекта","dialog/context menu","Context menu","ConflictNotice; ContextMenu; DialogShell; ErrorMessage; FocusTrap; LifecycleBanner; PeoplePicker; ProjectPicker; SemanticStatus; SurfaceTitle","Project readers; write по project capability","Project.Update/Archive/Delete/Restore","Разделить complete/archive/trash/restore","Project header/menu","Complete/pause/archive/trash/restore","invalid transition; active links; conflict","INVALID_STATE_TRANSITION; OBJECT_ARCHIVED; VERSION_CONFLICT","SCR-061; SCR-140; SCR-141","Project context, authorization scope invalidation","P1","VIS-001","Mapped","116"
"SCR-080","Files","Каталог файлов","page","Page","ConnectivityBanner; DataList; EmptyState; FieldLabel; FileLocationView; FormLayout; LoadingState; PageLayout; PermissionState; ProgressIndicator; ReadOnlyBanner; RetryAction; SelectionBar; SurfaceTitle; TreeView; ValidationMessage","File metadata readers; open/update отдельно","FileCatalog.Read","Виртуальное дерево и список metadata","Alt+6; project/contact links","Navigate; create; rename; virtual move; open; multi-select","node loading; empty; partial; offline; stale","OBJECT_NOT_VISIBLE; DATABASE_UNAVAILABLE","SCR-081..090","Windows Shell, OS ACL, native picker, path policy","P1","VIS-001","Mapped","122"
"SCR-081","Files","Карточка CatalogItem","page/side panel","Details inspector","ConnectivityBanner; DataList; FileLocationView; InspectorPanel; LifecycleBanner; PageLayout; ReadOnlyBanner; RetryAction; SearchBox; SurfaceTitle; TimelineHistory","File metadata readers; open/update отдельно","FileCatalog.Read","Metadata, locations, links, history","Tree/list/search/linked object","Open; edit; location; link; lifecycle","partial path visibility; archived; trashed; unavailable","FILE_NO_LOCATION; OBJECT_ARCHIVED; OBJECT_DELETED","SCR-083..089","Windows Shell, OS ACL, native picker, path policy","P1","VIS-001","Mapped","123"
"SCR-082","Files","Добавить CatalogItem","dialog","Modal dialog","ConnectivityBanner; DateTimePicker; DialogShell; FieldLabel; FileLocationView; FocusTrap; FormLayout; ReadOnlyBanner; RetryAction; SurfaceTitle; ValidationMessage","File metadata readers; open/update отдельно","FileCatalog.Create","Создать virtual folder/file/folder reference/URL/note","Catalog command bar; file drag metadata intake","Save; native picker; link target","unsafe path/type; duplicate; offline","UNSAFE_PATH; UNSAFE_FILE_TYPE; DUPLICATE_RESOURCE","SCR-081; SCR-210","Windows Shell, OS ACL, native picker, path policy","P1","VIS-001","Mapped","124"
"SCR-083","Files","Управление locations","tab/dialog","Modal dialog","ConflictNotice; DialogShell; FileLocationView; FocusTrap; PermissionState; SemanticStatus; SurfaceTitle","File metadata readers; open/update отдельно","FileReference.Open / FileLocation.Update","Показать paths, scope, owner/device, priority, availability","SCR-081","Add; relink; remove; priority; check","partial visibility; conflict; unsafe path","FORBIDDEN; VERSION_CONFLICT; UNSAFE_PATH","SCR-084; SCR-086; SCR-087","Windows Shell, OS ACL, native picker, path policy","P1","VIS-001","Mapped","125"
"SCR-084","Files","Выбор пути и открытие","dialog/flow","Modal dialog","ConnectivityBanner; DialogShell; FileLocationView; FocusTrap; ReadOnlyBanner; RetryAction; SurfaceTitle","File metadata readers; open/update отдельно","FileReference.Open","Показать resolved path и alternatives","Open from any file link","Open; alternative; folder; retry","no location; not found; denied; network","FILE_NO_LOCATION; FILE_NOT_FOUND; FILE_ACCESS_DENIED; NETWORK_RESOURCE_UNAVAILABLE","Windows Shell; SCR-085","Windows Shell, OS ACL, native picker, path policy","P1","VIS-001","Mapped","126"
"SCR-085","Files","Недоступный файл","recovery dialog","Modal dialog","ConnectivityBanner; DateTimePicker; DialogShell; FileLocationView; FocusTrap; ReadOnlyBanner; RetryAction; SurfaceTitle","File metadata readers; open/update отдельно","FileReference.Open; optional FileLocation.Update","Различить диагноз и дать safe recovery","Failed probe/open","Retry; alternative; relink; contact owner","not found; denied; network; unsafe; other-device","FILE_NOT_FOUND; FILE_ACCESS_DENIED; NETWORK_RESOURCE_UNAVAILABLE; UNSAFE_FILE_TYPE","SCR-086; SCR-083","Windows Shell, OS ACL, native picker, path policy","P1","VIS-001","Mapped","127"
"SCR-086","Files","Перепривязка location","dialog","Modal dialog","ConflictNotice; DialogShell; FieldLabel; FileLocationView; FocusTrap; FormLayout; PermissionState; SurfaceTitle; ValidationMessage","File metadata readers; open/update отдельно","FileLocation.Update","Изменить metadata path вручную","SCR-083/085","Replace; add alternative; cancel","unsafe path; conflict; wrong scope","UNSAFE_PATH; VERSION_CONFLICT; FORBIDDEN","SCR-081; SCR-084; SCR-210","Windows Shell, OS ACL, native picker, path policy","P1","VIS-001","Mapped","128"
"SCR-087","Files","Добавить альтернативный path","dialog","Modal dialog","ConnectivityBanner; DialogShell; FieldLabel; FileLocationView; FocusTrap; FormLayout; ReadOnlyBanner; RetryAction; SemanticStatus; SurfaceTitle; ValidationMessage","File metadata readers; open/update отдельно","FileLocation.Update","Добавить location без потери существующего","SCR-083/085","Add; test; set priority","duplicate; unsafe; inaccessible","DUPLICATE_RESOURCE; UNSAFE_PATH; NETWORK_RESOURCE_UNAVAILABLE","SCR-083","Windows Shell, OS ACL, native picker, path policy","P1","VIS-001","Mapped","129"
"SCR-088","Files","Связи CatalogItem","tab/panel","Panel","FileLocationView; InspectorPanel; PermissionState; ProjectPicker; SurfaceTitle; TaskRow; TaskStatusControl; UrgencyIndicator","File metadata readers; open/update отдельно","ObjectLink.Read/Create/Delete","Связать с Task/Project/Contact","SCR-081","Add/remove/open link","target hidden; duplicate","OBJECT_NOT_VISIBLE; DUPLICATE_RESOURCE; FORBIDDEN","Target cards","Windows Shell, OS ACL, native picker, path policy","P1","VIS-001","Mapped","130"
"SCR-089","Files","Контекстное меню каталога","context menu","Context menu","ContextMenu; DataList; FileLocationView; LifecycleBanner; PermissionState; SurfaceTitle","File metadata readers; open/update отдельно","Capability-dependent","Keyboard/right-click commands","Tree/list","Open; rename; move; path; archive; trash; copy link","mixed selection; disabled reason","FORBIDDEN; OBJECT_ARCHIVED","Relevant dialog","Windows Shell, OS ACL, native picker, path policy","P1","VIS-001","Mapped","131"
"SCR-090","Files","Диагностика availability","panel/dialog","Panel","ConnectivityBanner; DialogShell; ErrorMessage; FileLocationView; FocusTrap; InspectorPanel; ReadOnlyBanner; RedactionMarker; RetryAction; SurfaceTitle","File metadata readers; open/update отдельно","FileReference.Open / NetworkResource.Manage","Last check, device, latency, redacted error","Locations/Admin resource","Recheck; copy safe report; admin resource","stale check; device/resource unavailable","NETWORK_RESOURCE_UNAVAILABLE; FILE_ACCESS_DENIED","SCR-159; SCR-182","Windows Shell, OS ACL, native picker, path policy","P1","VIS-001","Mapped","132"
"SCR-210","Files","Windows file/folder picker","native dialog","Modal dialog","DialogShell; FileLocationView; FocusTrap; SurfaceTitle","File metadata readers; open/update отдельно","FileCatalog.Create/FileLocation.Update","Выбрать existing path нативно","Add/relink","Choose; cancel","local access denied; unsafe server policy","UNSAFE_PATH; FILE_ACCESS_DENIED","SCR-082; SCR-086; SCR-087","Windows Shell, OS ACL, native picker, path policy","P1","VIS-001","Mapped","133"
"SCR-110","CRM","Контакты и компании: список","page","Data list","ConnectivityBanner; DataList; EmptyState; FieldLabel; FilterBar; FormLayout; PageLayout; PermissionState; ReadOnlyBanner; RetryAction; SearchBox; SurfaceTitle; ValidationMessage","Contact readers; write по scoped capability","Contact.Read","Поиск и фильтры people/companies","Alt+7","Open; create; filter; lifecycle","empty; partial; offline","OBJECT_NOT_VISIBLE","SCR-111..119","PII policy, object links","P1","VIS-001","Mapped","139"
"SCR-111","CRM","Карточка контакта","page","Page","InspectorPanel; LifecycleBanner; PageLayout; PermissionState; SearchBox; SurfaceTitle","Contact readers; write по scoped capability","Contact.Read","Person, channels, companies, interactions, links","List/search/task/project","Edit; channel; interaction; link; lifecycle","partial fields; archived; trashed","OBJECT_NOT_VISIBLE; OBJECT_ARCHIVED","SCR-112; SCR-115..118","PII policy, object links","P1","VIS-001","Mapped","140"
"SCR-112","CRM","Редактор контакта","page/dialog","Modal dialog","ConflictNotice; DateTimePicker; DialogShell; ErrorMessage; FieldLabel; FocusTrap; FormLayout; PageLayout; SurfaceTitle; ValidationMessage","Contact readers; write по scoped capability","Contact.Create/Update","Создать/изменить person","List/card","Save; cancel","validation; duplicate warning; conflict","VALIDATION_FAILED; DUPLICATE_RESOURCE; VERSION_CONFLICT","SCR-111","PII policy, object links","P1","VIS-001","Mapped","141"
"SCR-113","CRM","Карточка компании","page","Page","InspectorPanel; LifecycleBanner; PageLayout; PermissionState; SearchBox; SurfaceTitle","Contact readers; write по scoped capability","Contact.Read","Company, contact people, interactions, links","List/search/task/project","Edit; link contact; interaction; lifecycle","partial; archived; trashed","OBJECT_NOT_VISIBLE","SCR-114..118","PII policy, object links","P1","VIS-001","Mapped","142"
"SCR-114","CRM","Редактор компании","page/dialog","Modal dialog","ConflictNotice; DateTimePicker; DialogShell; ErrorMessage; FieldLabel; FocusTrap; FormLayout; PageLayout; SurfaceTitle; ValidationMessage","Contact readers; write по scoped capability","Contact.Create/Update","Создать/изменить counterparty","List/card","Save; cancel","validation; duplicate; conflict","VALIDATION_FAILED; DUPLICATE_RESOURCE; VERSION_CONFLICT","SCR-113","PII policy, object links","P1","VIS-001","Mapped","143"
"SCR-115","CRM","Каналы связи и адреса","tab/panel","Panel","ErrorMessage; InspectorPanel; PermissionState; RedactionMarker; SurfaceTitle","Contact readers; write по scoped capability","Contact.Read/Update","Phone/email/messenger/site/address","Contact/company card","Add/edit/delete/copy/open external handler","validation; partial redaction","VALIDATION_FAILED; FORBIDDEN","SCR-111; SCR-113","PII policy, object links","P1","VIS-001","Mapped","144"
"SCR-116","CRM","Interaction timeline","tab/timeline","Tab workspace","ConnectivityBanner; DateTimePicker; EmptyState; FieldLabel; FilterBar; FormLayout; PermissionState; ReadOnlyBanner; RetryAction; SurfaceTitle; ValidationMessage","Contact readers; write по scoped capability","Contact.Read","Ручная chronology взаимодействий","Contact/company card","Open; filter; create","empty; partial; offline","OBJECT_NOT_VISIBLE","SCR-117","PII policy, object links","P1","VIS-001","Mapped","145"
"SCR-117","CRM","Редактор Interaction","dialog","Modal dialog","ConflictNotice; DialogShell; ErrorMessage; FieldLabel; FocusTrap; FormLayout; PermissionState; SurfaceTitle; ValidationMessage","Contact readers; write по scoped capability","Interaction.Create/Update","Occurred_at, type, summary, participants, next step","SCR-116","Save; delete/restore if allowed","validation; conflict; hidden participant","VALIDATION_FAILED; VERSION_CONFLICT; OBJECT_NOT_VISIBLE","SCR-116","PII policy, object links","P1","VIS-001","Mapped","146"
"SCR-118","CRM","Связанные Task/Project/File","tab/panel","Panel","ConnectivityBanner; FileLocationView; InspectorPanel; PermissionState; ProjectPicker; ReadOnlyBanner; RedactionMarker; RetryAction; SurfaceTitle; TaskRow; TaskStatusControl; UrgencyIndicator","Contact readers; write по scoped capability","ObjectLink.Read; create/delete by capability","Cross-module links","Contact/company card","Open; link; unlink","partial access; target unavailable","OBJECT_NOT_VISIBLE; FORBIDDEN","Target cards","PII policy, object links","P1","VIS-001","Mapped","147"
"SCR-119","CRM","Контекстное меню CRM","context menu","Context menu","ContextMenu; LifecycleBanner; PermissionState; SurfaceTitle","Contact readers; write по scoped capability","Capability-dependent","Быстрые безопасные actions","List/card","Open; edit; interaction; archive; trash; copy channel","disabled reasons","FORBIDDEN; OBJECT_ARCHIVED","Relevant dialog","PII policy, object links","P1","VIS-001","Mapped","148"
"SCR-130","Notifications","Центр уведомлений","page/panel","Panel","ConnectivityBanner; EmptyState; ErrorMessage; FilterBar; InspectorPanel; NotificationItem; PageLayout; PermissionState; ReadOnlyBanner; ReminderEditor; RetryAction; SemanticStatus; SurfaceTitle","Получатель notification/reminder","Notification.ReadOwn","Unread/read и target actions","Alt+8; bell; tray","Open; action; mark read; filter","empty; offline cached; target unavailable","OBJECT_NOT_VISIBLE; FORBIDDEN; INVALID_STATE_TRANSITION","Target card; SCR-153","Tray agent, Windows toast, target recheck","P1","VIS-001","Mapped","154"
"SCR-131","Notifications","Windows desktop notification","system notification","Specialized surface","ConflictNotice; ConnectivityBanner; DateTimePicker; ErrorMessage; NotificationItem; PermissionState; ReadOnlyBanner; ReminderEditor; RetryAction; SemanticStatus; SurfaceTitle","Получатель notification/reminder","Notification.ManageOwn + target recheck","Time-sensitive toast поверх окон","Windows delivery","Open; complete; snooze; reschedule; dismiss","DND; expired; offline; target changed","FORBIDDEN; VERSION_CONFLICT; INVALID_STATE_TRANSITION","SCR-004/target; Tray","Tray agent, Windows toast, target recheck","P1","VIS-001","Mapped","155"
"SCR-132","Notifications","Результат notification action","toast/inline","Data list","ConflictNotice; ConnectivityBanner; DataList; NotificationItem; PermissionState; ReadOnlyBanner; ReminderEditor; RetryAction; SurfaceTitle","Получатель notification/reminder","Target capability","Подтвердить или объяснить action result","After toast action","Open target; retry safe action","already applied; permission revoked; unavailable","FORBIDDEN; VERSION_CONFLICT; DATABASE_UNAVAILABLE","SCR-130/target","Tray agent, Windows toast, target recheck","P1","VIS-001","Mapped","156"
"SCR-133","Search","Глобальный поиск","overlay/page","Overlay / command surface","DataList; EmptyState; ErrorMessage; FilterBar; LoadingState; PageLayout; Pagination; PermissionState; PopoverSurface; ProgressIndicator; RedactionMarker; SearchBox; SurfaceTitle","Все с Search.Use","Search.Use","Поиск по разрешённым объектам без раскрытия скрытых результатов","Ctrl+F; shell search","Ввести q; открыть result; перейти к полным результатам","loading; empty; filtered empty; partial permission-safe; cursor invalid/expired","VALIDATION_FAILED; SEARCH_CURSOR_INVALID; SEARCH_CURSOR_EXPIRED; FORBIDDEN","SCR-134; target object","Server-side filtering, cursor snapshot","P0","VIS-001","Mapped","162"
"SCR-134","Search","Полные результаты поиска","page","Data list","DataList; EmptyState; ErrorMessage; FieldLabel; FilterBar; FormLayout; LoadingState; PageLayout; Pagination; ProgressIndicator; RedactionMarker; SearchBox; SurfaceTitle; ValidationMessage","Все с Search.Use","Search.Use","Группированные разрешённые результаты и cursor pagination","SCR-133; deep link","Page forward; open; reset filters","loading; empty; filtered empty; cursor restart; partial access","SEARCH_CURSOR_INVALID; SEARCH_CURSOR_EXPIRED; VALIDATION_FAILED","Target card","No client post-filtering","P0","VIS-001","Mapped","163"
"SCR-135","Search","Фильтры поиска","panel","Panel","EmptyState; ErrorMessage; FieldLabel; FileLocationView; FilterBar; FormLayout; InspectorPanel; Pagination; ProjectPicker; SearchBox; SurfaceTitle; ValidationMessage","Все с Search.Use","Search.Use","q, types, projectIds, userIds, departments, contactIds, hasFiles, lifecycle, from/to","SCR-133/134","Apply; reset all; remove chip","incompatible type; filtered empty; cursor reset","VALIDATION_FAILED; SEARCH_CURSOR_INVALID; SEARCH_CURSOR_EXPIRED","SCR-134","Filters applied server-side before pagination","P0","VIS-001","Mapped","164"
"SCR-136","Search","Partial/offline search banner","banner/empty","Specialized surface","ConnectivityBanner; EmptyState; ErrorMessage; FilterBar; ReadOnlyBanner; RetryAction; SearchBox; SurfaceTitle","Все с Search.Use","Search.Use","Явно обозначить cache-only/partial results","Offline; timeout; scope change","Retry; clear filter; reconnect","offline; timeout; scope changed","DATABASE_UNAVAILABLE; TIMEOUT; SYNC_SCOPE_CHANGED","SCR-133; SCR-134","Authorization-aware search, cache fallback","P0","VIS-001","Mapped","165"
"SCR-140","Lifecycle","Архив","page","Page","ConnectivityBanner; DataList; EmptyState; FilterBar; LifecycleBanner; PageLayout; PermissionState; ReadOnlyBanner; RetryAction; SurfaceTitle; TimelineHistory","По object lifecycle capability","History.Read; Archive.Restore","Read-only archived objects","Navigation","Open; unarchive; filter","empty; partial; offline","OBJECT_NOT_VISIBLE; FORBIDDEN","Object cards; SCR-142","Object-specific restore, history","P0","VIS-001","Mapped","171"
"SCR-141","Lifecycle","Корзина","page","Page","ConflictNotice; DataList; DateTimePicker; EmptyState; LifecycleBanner; PageLayout; PermissionState; SurfaceTitle; TimelineHistory","По object lifecycle capability","Trash.Read","Deleted metadata, purge date, eligibility","Navigation","Open read-only; restore; purge","empty; legal hold; parent missing; conflict","OBJECT_DELETED; FORBIDDEN","SCR-142; SCR-143","Object-specific restore, history","P0","VIS-001","Mapped","172"
"SCR-142","Lifecycle","Восстановление / restore conflict","dialog","Modal dialog","DataList; DialogShell; FocusTrap; PermissionState; SurfaceTitle; TimelineHistory","По object lifecycle capability","Trash.Restore / Archive.Restore / object Restore","Валидировать parent/name/relations","Archive/Trash/object banner","Restore; choose parent/name; cancel","duplicate; hidden parent; permission changed","DUPLICATE_RESOURCE; OBJECT_NOT_VISIBLE; FORBIDDEN","Object card","Object-specific restore, history","P2","VIS-001","Mapped","173"
"SCR-143","Lifecycle","Purge metadata","critical dialog","Modal dialog","ConflictNotice; DataList; DialogShell; ErrorMessage; FocusTrap; PermissionState; SemanticStatus; SurfaceTitle; TimelineHistory","По object lifecycle capability","Trash.Purge","Подтвердить irreversible metadata deletion","Trash action","Type confirmation; purge; cancel","retention blocked; legal hold; conflict","FORBIDDEN; INVALID_STATE_TRANSITION","SCR-141","Object-specific restore, history","P0","VIS-001","Mapped","174"
"SCR-150","Settings","Настройки","settings shell","Application shell","CommandBar; ConflictNotice; ConnectionStatus; ConnectivityBanner; FieldLabel; FormLayout; NavigationRail; NotificationItem; PermissionState; ProfileMenu; ReadOnlyBanner; RetryAction; SurfaceTitle; ValidationMessage","Текущий пользователь; org/admin по capability","Settings.ReadOwn","Настройки с реальным effect и scope labels","Profile menu; Navigation","Open sections; save section","offline read-only; server-managed locked","FORBIDDEN; VERSION_CONFLICT","SCR-151..161","Settings APIs, Windows settings","P0","VIS-001","Mapped","180"
"SCR-151","Settings","Профиль","settings section","Specialized surface","DateTimePicker; ErrorMessage; FieldLabel; FileLocationView; FormLayout; NotificationItem; PermissionState; SurfaceTitle; ValidationMessage","Текущий пользователь; org/admin по capability","Settings.ReadOwn/UpdateOwn","Profile/timezone/format fields exposed by contract","SCR-150","Save supported profile/settings fields; avatar control отсутствует, поскольку DTO field не определён","validation; admin-managed field","VALIDATION_FAILED; FORBIDDEN","SCR-150","Settings APIs, Windows settings","P2","VIS-001","Mapped","181"
"SCR-152","Settings","Пароль и безопасность","settings section","Specialized surface","DataList; ErrorMessage; NotificationItem; SurfaceTitle","Текущий пользователь; org/admin по capability","Authenticated","Change password, revoke sessions","SCR-150","Change; logout all; revoke","wrong current password; revoked","INVALID_CREDENTIALS; SESSION_REVOKED","SCR-001; SCR-161","Settings APIs, Windows settings","P2","VIS-001","Mapped","182"
"SCR-153","Settings","Notifications и DND","settings section","Specialized surface","ErrorMessage; FieldLabel; FormLayout; NotificationItem; PermissionState; SurfaceTitle; ValidationMessage","Текущий пользователь; org/admin по capability","Settings.ReadOwn/UpdateOwn","Desktop delivery, sound, DND/quiet hours, default snooze; notificationType отображается как server context","SCR-150/130","Save; test local toast; Windows settings","OS permission denied; invalid intervals","VALIDATION_FAILED","SCR-130","Settings APIs, Windows settings","P2","VIS-001","Mapped","183"
"SCR-154","Settings","Calendar preferences","settings section","Specialized surface","DateTimePicker; ErrorMessage; FieldLabel; FormLayout; NotificationItem; SurfaceTitle; ValidationMessage","Текущий пользователь; org/admin по capability","Settings.ReadOwn/UpdateOwn","First day, work hours, weekends, duration, time format","SCR-150","Save; reset org defaults","validation","VALIDATION_FAILED","SCR-040","Settings APIs, Windows settings","P2","VIS-001","Mapped","184"
"SCR-155","Settings","Startup, tray и device","settings section","Specialized surface","FieldLabel; FormLayout; NotificationItem; PermissionState; SemanticStatus; SurfaceTitle; ValidationMessage","Текущий пользователь; org/admin по capability","Device.UpdateOwnOrAll","Autostart, close-to-tray, device name, OS notification state","SCR-150","Save; enable startup; revoke if allowed","Windows denied; device revoked","DEVICE_REVOKED; FORBIDDEN","SCR-211; SCR-006","Settings APIs, Windows settings","P2","VIS-001","Mapped","185"
"SCR-156","Settings","Cache и sync","settings section","Specialized surface","ConnectivityBanner; NotificationItem; Pagination; ReadOnlyBanner; RetryAction; SurfaceTitle","Текущий пользователь; org/admin по capability","Sync.Read","Cache size, last sync, clear/rebuild, no offline queue","SCR-150/206","Sync now; clear cache; bootstrap","syncing; cursor expired; scope changed","SYNC_CURSOR_EXPIRED; SYNC_SCOPE_CHANGED","SCR-003; SCR-206","Settings APIs, Windows settings","P2","VIS-001","Mapped","186"
"SCR-157","Settings","Подключение","settings section","Specialized surface","ConnectivityBanner; NotificationItem; ReadOnlyBanner; RetryAction; SemanticStatus; SurfaceTitle","Текущий пользователь; org/admin по capability","Authenticated","Server endpoint, TLS, state, version","SCR-150/205","Test; change endpoint with logout/cache clear","unavailable; incompatible; certificate issue","DEPENDENCY_UNAVAILABLE; CLIENT_VERSION_UNSUPPORTED","SCR-002; SCR-003","Settings APIs, Windows settings","P0","VIS-001","Mapped","187"
"SCR-158","Settings","Доступность","settings section","Specialized surface","NotificationItem; SurfaceTitle","Текущий пользователь; org/admin по capability","Local","Keyboard, reduced motion, density/contrast where implemented","SCR-150","Toggle; open Windows settings","restart required","—","SCR-150","Settings APIs, Windows settings","P2","VIS-001","Mapped","188"
"SCR-159","Settings","Диагностика клиента","settings/dialog","Modal dialog","ConnectivityBanner; DialogShell; FocusTrap; NotificationItem; PermissionState; ReadOnlyBanner; RetryAction; SurfaceTitle","Текущий пользователь; org/admin по capability","Authenticated; extended admin","Safe versions, connection, sync, cache, trace IDs","SCR-150; error details","Copy redacted report; logs; retry","health unavailable; limited permission","DATABASE_UNAVAILABLE; DEPENDENCY_UNAVAILABLE","SCR-183","Settings APIs, Windows settings","P0","VIS-001","Mapped","189"
"SCR-161","Settings","Мои devices и sessions","settings section","Specialized surface","DataList; NotificationItem; SurfaceTitle","Текущий пользователь; org/admin по capability","Session.ReadOwnOrAll; Device.ReadOwnOrAll","Review/revoke own sessions/devices","SCR-150/152","Revoke; rename device; logout all","current session guard; revoked","SESSION_REVOKED; DEVICE_REVOKED","SCR-001","Settings APIs, Windows settings","P2","VIS-001","Mapped","190"
"SCR-170","Admin","Администрирование","admin shell","Application shell","CommandBar; ConnectionStatus; DataList; NavigationRail; PermissionState; ProfileMenu; SurfaceTitle; TimelineHistory","Только explicit admin capabilities","Any administrative capability","Вход в audited admin modules","Navigation when capability present","Open admin sections","partial admin capabilities; forbidden","FORBIDDEN","SCR-171..188","Audit, policy engine, management APIs","P2","VIS-001","Mapped","196"
"SCR-171","Admin","Пользователи","admin page","Page","ConflictNotice; DataList; EmptyState; FieldLabel; FilterBar; FormLayout; PageLayout; PermissionState; SurfaceTitle; TimelineHistory; ValidationMessage","Только explicit admin capabilities","User.Read/Create/Update/Block","Directory and account lifecycle","SCR-170","Create; open; filter; activate/block/deactivate","empty; scope limited; conflict","FORBIDDEN; VERSION_CONFLICT","SCR-172..174","Audit, policy engine, management APIs","P0","VIS-001","Mapped","197"
"SCR-172","Admin","Карточка пользователя","admin page","Page","ConflictNotice; DataList; FieldLabel; FileLocationView; FormLayout; InspectorPanel; PageLayout; PermissionState; SurfaceTitle; TimelineHistory; ValidationMessage","Только explicit admin capabilities","User.Read","Profile, account, roles, sessions/devices, effective permissions","SCR-171","Edit; role; reset; block; revoke","partial; blocked; deactivated; conflict","FORBIDDEN; OBJECT_NOT_VISIBLE","SCR-173; SCR-174; SCR-179; SCR-181","Audit, policy engine, management APIs","P0","VIS-001","Mapped","198"
"SCR-173","Admin","Создание/активация пользователя","admin page/dialog","Modal dialog","DataList; DateTimePicker; DialogShell; ErrorMessage; FieldLabel; FileLocationView; FocusTrap; FormLayout; PageLayout; SurfaceTitle; TimelineHistory; ValidationMessage","Только explicit admin capabilities","User.Create","Создать profile/account и activation path","SCR-171","Create; activate; one-time instruction","duplicate login/email; validation","DUPLICATE_RESOURCE; VALIDATION_FAILED","SCR-172","Audit, policy engine, management APIs","P2","VIS-001","Mapped","199"
"SCR-174","Admin","Block/deactivate user","critical dialog","Modal dialog","ConflictNotice; DataList; DialogShell; ErrorMessage; FocusTrap; PermissionState; SemanticStatus; SurfaceTitle; TimelineHistory","Только explicit admin capabilities","User.Block","Объяснить session revoke и разницу block/deactivate","User list/card","Confirm; cancel","self-lockout; last admin; conflict","FORBIDDEN; INVALID_STATE_TRANSITION; VERSION_CONFLICT","SCR-172","Audit, policy engine, management APIs","P0","VIS-001","Mapped","200"
"SCR-175","Admin","Отделы","admin page","Page","ConflictNotice; DataList; FieldLabel; FormLayout; PageLayout; SurfaceTitle; TimelineHistory; ValidationMessage","Только explicit admin capabilities","Department.Read/Manage","Иерархия и managers","SCR-170","Create; edit; managers; archive/trash/restore","cycle; active children; conflict","DEPENDENCY_CYCLE; VERSION_CONFLICT","SCR-176","Audit, policy engine, management APIs","P0","VIS-001","Mapped","201"
"SCR-176","Admin","Редактор отдела","admin page/dialog","Modal dialog","ConflictNotice; DataList; DialogShell; FieldLabel; FocusTrap; FormLayout; PageLayout; PermissionState; SemanticStatus; SurfaceTitle; TimelineHistory; ValidationMessage","Только explicit admin capabilities","Department.Manage","Name/parent/managers/status","SCR-175","Save; archive; restore","cycle; hidden parent; conflict","DEPENDENCY_CYCLE; OBJECT_NOT_VISIBLE","SCR-175","Audit, policy engine, management APIs","P0","VIS-001","Mapped","202"
"SCR-177","Admin","Роли и permissions","admin page","Page","ConflictNotice; DataList; FieldLabel; FormLayout; PageLayout; PermissionState; ProjectPicker; SurfaceTitle; TimelineHistory; ValidationMessage","Только explicit admin capabilities","Role.Read/Manage","System roles, project roles, permission catalog","SCR-170","Create; open; activate/deactivate","system role immutable; conflict","FORBIDDEN; VERSION_CONFLICT","SCR-178","Audit, policy engine, management APIs","P0","VIS-001","Mapped","203"
"SCR-178","Admin","Редактор role permissions","admin page/dialog","Modal dialog","ConflictNotice; DataList; DialogShell; FieldLabel; FocusTrap; FormLayout; PageLayout; PermissionState; SurfaceTitle; TimelineHistory; ValidationMessage","Только explicit admin capabilities","Role.Manage","Назначить permission groups без лишней policy complexity","SCR-177","Save; reset; compare","dangerous permission; conflict","VERSION_CONFLICT; FORBIDDEN","SCR-177","Audit, policy engine, management APIs","P0","VIS-001","Mapped","204"
"SCR-179","Admin","Effective permission diagnostics","admin panel","Panel","DataList; InspectorPanel; PermissionState; SurfaceTitle; TimelineHistory","Только explicit admin capabilities","Authorization.Explain","Объяснить can/cannot для user/object/action","User/project member screens","Select object/permission; copy safe explanation","hidden object; scope changed","OBJECT_NOT_VISIBLE; FORBIDDEN","SCR-172; SCR-064","Audit, policy engine, management APIs","P2","VIS-001","Mapped","205"
"SCR-180","Admin","Устройства","admin page","Page","DataList; FilterBar; PageLayout; PermissionState; SemanticStatus; SurfaceTitle; TimelineHistory","Только explicit admin capabilities","Device.ReadOwnOrAll/Revoke","Device versions/status/revoke","SCR-170","Rename; revoke; filter unsupported","stale heartbeat; revoked","DEVICE_REVOKED; FORBIDDEN","SCR-181; SCR-007","Audit, policy engine, management APIs","P2","VIS-001","Mapped","206"
"SCR-181","Admin","Sessions и login attempts","admin page","Page","DataList; FilterBar; PageLayout; PermissionState; SurfaceTitle; TimelineHistory","Только explicit admin capabilities","Session.ReadOwnOrAll/SecurityAudit.Read","Review/revoke sessions and inspect login security","SCR-170/172","Revoke; filter; open user/device","expired; compromised; partial","FORBIDDEN","SCR-172; SCR-180","Audit, policy engine, management APIs","P2","VIS-001","Mapped","207"
"SCR-182","Admin","Сетевые ресурсы","admin page","Page","ConflictNotice; ConnectivityBanner; DataList; FieldLabel; FormLayout; PageLayout; ReadOnlyBanner; RetryAction; SurfaceTitle; TimelineHistory; ValidationMessage","Только explicit admin capabilities","NetworkResource.Manage","Allowlisted UNC/NAS roots и probes","SCR-170","Create/edit/disable/probe","unsafe root; unavailable; conflict","UNSAFE_PATH; NETWORK_RESOURCE_UNAVAILABLE; VERSION_CONFLICT","SCR-090","Audit, policy engine, management APIs","P0","VIS-001","Mapped","224"
"SCR-183","Admin","Состояние системы","admin page","Page","ConnectivityBanner; DataList; PageLayout; ReadOnlyBanner; RetryAction; SemanticStatus; SurfaceTitle; TimelineHistory","Только explicit admin capabilities","System.HealthRead","Health/readiness/storage/version overview","SCR-170/205","Refresh; jobs; backups; copy report","DB unavailable; storage full; dependency down","DATABASE_UNAVAILABLE; STORAGE_FULL; DEPENDENCY_UNAVAILABLE","SCR-184; SCR-185; SCR-159","Audit, policy engine, management APIs","P0","VIS-001","Mapped","225"
"SCR-184","Admin","Фоновые задания","admin page","Page","ConflictNotice; ConnectivityBanner; DataList; ErrorMessage; PageLayout; ReadOnlyBanner; RetryAction; SurfaceTitle; TimelineHistory","Только explicit admin capabilities","System.HealthRead/System.Configure","Allowlisted jobs и runs","SCR-170/183","Run job; inspect result","running; failed; lease conflict","RATE_LIMITED; DEPENDENCY_UNAVAILABLE; VERSION_CONFLICT","SCR-209","Audit, policy engine, management APIs","P0","VIS-001","Mapped","226"
"SCR-185","Admin","Резервные копии","admin page","Page","ConnectivityBanner; DataList; ErrorMessage; PageLayout; ReadOnlyBanner; RetryAction; SemanticStatus; SurfaceTitle; TimelineHistory","Только explicit admin capabilities","Backup.Read/Execute/RestoreTest/Restore","Backup results, verification, controlled restore plan","SCR-170/183","Run; verify; request restore plan","running; failed; approval required","DEPENDENCY_UNAVAILABLE; INVALID_STATE_TRANSITION","SCR-188","Audit, policy engine, management APIs","P2","VIS-001","Mapped","227"
"SCR-186","Admin","Audit","admin page","Page","DataList; FilterBar; LoadingState; PageLayout; PermissionState; ProgressIndicator; RedactionMarker; SearchBox; SurfaceTitle; TimelineHistory","Только explicit admin capabilities","Audit.ReadAll/SecurityAudit.Read","Search/export append-only audit","SCR-170; user/session/object links","Filter; inspect; export","large range; redaction; background export","REQUEST_TOO_LARGE; FORBIDDEN","SCR-209","Audit, policy engine, management APIs","P2","VIS-001","Mapped","228"
"SCR-187","Admin","Organization settings / feature flags","admin page","Page","ConflictNotice; DataList; FieldLabel; FormLayout; PageLayout; SurfaceTitle; TimelineHistory; ValidationMessage","Только explicit admin capabilities","Organization.Update/System.Configure","Supported org settings and rollout flags","SCR-170","Save; enable/disable; review impact","client compatibility; conflict","CLIENT_VERSION_UNSUPPORTED; VERSION_CONFLICT","SCR-007","Audit, policy engine, management APIs","P0","VIS-001","Mapped","229"
"SCR-188","Admin","Maintenance / restore plan","critical admin page/dialog","Modal dialog","ConflictNotice; ConnectivityBanner; DataList; DialogShell; ErrorMessage; FocusTrap; PageLayout; ReadOnlyBanner; RetryAction; SemanticStatus; SurfaceTitle; TimelineHistory","Только explicit admin capabilities","Backup.Restore/System.Configure","Prepare controlled maintenance/restore, no arbitrary shell","SCR-185/183","Request; cancel; communicate","approval missing; active job; conflict","INVALID_STATE_TRANSITION; MAINTENANCE_MODE","SCR-183; SCR-185","Audit, policy engine, management APIs","P0","VIS-001","Mapped","230"
"SCR-200","Shared","Общий detail pane","side panel","Details inspector","InspectorPanel; LoadingState; PermissionState; ProgressIndicator; SearchBox; SurfaceTitle","По target capability","Target read","Compact inspection without context loss","Selection in list/tree/search","Open full; narrow actions; close","loading; stale; partial","OBJECT_NOT_VISIBLE","Target card","Command registry, focus management","P0","VIS-001","Mapped","236"
"SCR-201","Shared","Общая история объекта","panel/page","Panel","DataList; InspectorPanel; PageLayout; PermissionState; RedactionMarker; SurfaceTitle; TimelineHistory","По target capability","History.Read","Reusable structured history/version view","Any object card","Page; inspect; copy safe data","redacted; access revoked","OBJECT_NOT_VISIBLE; FORBIDDEN","Target card","Command registry, focus management","P0","VIS-001","Mapped","237"
"SCR-202","Shared","Общие comments","panel","Panel","CommentThread; ConnectivityBanner; InspectorPanel; PermissionState; ReadOnlyBanner; RetryAction; SurfaceTitle","По target capability","Comment permissions","Reusable comments surface","Any commentable object","Add/edit/delete/restore","offline; tombstone; partial","FORBIDDEN; OBJECT_NOT_VISIBLE","Target card","Command registry, focus management","P0","VIS-001","Mapped","238"
"SCR-203","Shared","Связи и tags","panel/dialog","Panel","DialogShell; FocusTrap; InspectorPanel; PermissionState; SurfaceTitle","По target capability","ObjectLink/Tag permissions","Typed links and tags","Any supported object","Add/remove/open; replace tags","duplicate; target hidden","DUPLICATE_RESOURCE; OBJECT_NOT_VISIBLE","Target card","Command registry, focus management","P0","VIS-001","Mapped","239"
"SCR-204","Shared","Почему действие недоступно","popover","Popover","PermissionState; PopoverSurface; SurfaceTitle","По target capability","Local capability reason / Authorization.Explain admin","Safe explanation without raw RBAC/ReBAC/ABAC","Disabled control help","Close; relevant settings/admin","reason stale; server deny","FORBIDDEN; SYNC_SCOPE_CHANGED","Current surface","Command registry, focus management","P0","VIS-001","Mapped","240"
"SCR-205","Shared","Connection status","persistent banner/status","Specialized surface","ConnectivityBanner; ReadOnlyBanner; RetryAction; SemanticStatus; SurfaceTitle","По target capability","Authenticated","Online/offline/reconnecting/maintenance/storage-full","Global shell","Retry; diagnostics","offline; maintenance; storage full","DATABASE_UNAVAILABLE; MAINTENANCE_MODE; STORAGE_FULL","SCR-159; SCR-183","Command registry, focus management","P0","VIS-001","Mapped","241"
"SCR-207","Shared","Общее context menu","context menu","Context menu","ContextMenu; PermissionState; SurfaceTitle","По target capability","Capability-dependent","Одинаковые mouse/keyboard commands","Right click; Shift+F10","Open; copy link; permitted actions","mixed selection; disabled reason","FORBIDDEN","Relevant dialogs","Command registry, focus management","P0","VIS-001","Mapped","242"
"SCR-208","Shared","Общее подтверждение","dialog","Modal dialog","ConflictNotice; DialogShell; ErrorMessage; FocusTrap; SemanticStatus; SurfaceTitle","По target capability","Target permission","Confirm consequential reversible action","Archive/trash/remove relation/etc.","Confirm; cancel","state changed while open","VERSION_CONFLICT; INVALID_STATE_TRANSITION","Source surface","Command registry, focus management","P0","VIS-001","Mapped","243"
"SCR-209","Shared","Детали ошибки / background operation","dialog/panel","Panel","ConnectivityBanner; DialogShell; ErrorMessage; FocusTrap; InspectorPanel; LoadingState; ProgressIndicator; ReadOnlyBanner; RetryAction; SurfaceTitle","По target capability","Authenticated; extended admin","Safe traceId, retry semantics, job result","Error toast/admin job","Retry safe; copy traceId; diagnostics","recoverable; unrecoverable; running","INTERNAL_ERROR; TIMEOUT; DEPENDENCY_UNAVAILABLE","SCR-159; SCR-184","Command registry, focus management","P0","VIS-001","Mapped","244"
"SCR-213","Shared","Общая multi-select panel","action bar","Selection action bar","BulkResultSummary; PermissionState; SelectionBar; SurfaceTitle","По target capability","Capability intersection","Batch commands with explicit selection extent","Multi-select list/tree","Execute; clear; select loaded/page","request too large; mixed permissions","REQUEST_TOO_LARGE; FORBIDDEN","Source list","Command registry, focus management","P0","VIS-001","Mapped","245"
