BR ID,Module,Rule,Source,Related FR,Verification
BR-001,ALL,Организация одна; каждая общая запись ограничена organization boundary.,Концепция §3.1; Архитектура A1-11,,AC-001
BR-002,ALL,"UserAccount отвечает за аутентификацию, EmployeeProfile — за рабочий профиль.",Этап 2.2 C-03,,AC-002
BR-003,ALL,Сервер является единственным источником истины; локальный cache disposable и read-only при outage.,Архитектура A1-01/A1-03; DEC-006,,AC-003
BR-004,ALL,"Любое действие разрешается сервером по RBAC/ReBAC/ABAC, explicit deny сильнее allow, default deny.",ADR-002; DEC-004,,AC-004
BR-005,ALL,"Business status, derived state, archive, trash и UI state не смешиваются.",DEC-005,,AC-005
BR-006,ALL,Archived object по умолчанию read-only; Trashed object доступен только для restore/purge.,ADR-011; DEC-023,,AC-006
BR-007,ALL,Удаление metadata рабочего файла не удаляет физический файл.,Концепция §22.2; DEC-018,,AC-007
BR-008,ALL,Физический доступ к файлу определяется Windows/SMB ACL после metadata permission.,Архитектура A1-06; GAP-004,,AC-008
BR-009,ALL,Versioned write требует If-Match; stale version не перезаписывается молча.,ADR-004; DEC-038,,AC-009
BR-010,ALL,Safe retry допускается только для safe/idempotent operation с сохранением request hash/key.,Этап 2.2 idempotency,,AC-010
BR-011,ALL,Audit append-only; secrets и неразрешённые sensitive paths редактируются или не записываются.,ADR-009; архитектура,,AC-011
BR-012,ALL,Realtime signal является invalidation; durable recovery выполняется через change feed.,ADR-005,,AC-012
BR-013,ALL,Search фильтруется по authorization и filters до pagination; client post-filter запрещён.,DEC-040; Search Contract,,AC-013
BR-014,ALL,UI hidden/disabled state не заменяет server-side permission check.,DEC-030,,AC-014
BR-015,ALL,PATCH omitted означает unchanged; explicit null очищает только nullable field.,DEC-037,,AC-015
BR-016,MOD-001,Каждый сотрудник использует отдельную учётную запись.,"§§3.2, 24, 25, 29; Stage 3.4",,AC-016
BR-017,MOD-001,Refresh token ротируется; повторное использование завершает семейство сессий.,"§§3.2, 24, 25, 29; Stage 3.4",,AC-017
BR-018,MOD-001,Блокировка или деактивация пользователя отзывает активные сессии.,"§§3.2, 24, 25, 29; Stage 3.4",,AC-018
BR-019,MOD-001,"Клиент не раскрывает, логин или пароль были неверны.","§§3.2, 24, 25, 29; Stage 3.4",,AC-019
BR-020,MOD-002,Маршрут восстанавливается только после повторной авторизации.,"§8, §17.2, §23.5, §29; Stage 3.4",,AC-020
BR-021,MOD-002,"Command bar, context menu и palette используют единый command registry.","§8, §17.2, §23.5, §29; Stage 3.4",,AC-021
BR-022,MOD-002,Скрытая кнопка не является проверкой permission.,"§8, §17.2, §23.5, §29; Stage 3.4",,AC-022
BR-023,MOD-002,Deep link не раскрывает данные скрытого объекта.,"§8, §17.2, §23.5, §29; Stage 3.4",,AC-023
BR-024,MOD-003,"Просрочка вычисляется, а не хранится как статус.","§9, §27.1.17, §29; Stage 3.4",,AC-024
BR-025,MOD-003,Ошибка одной секции не заменяет весь экран ошибкой.,"§9, §27.1.17, §29; Stage 3.4",,AC-025
BR-026,MOD-003,В offline показывается только кэш с timestamp.,"§9, §27.1.17, §29; Stage 3.4",,AC-026
BR-027,MOD-003,Scope-фильтр отправляется только контрактно поддерживаемыми параметрами.,"§9, §27.1.17, §29; Stage 3.4",,AC-027
BR-028,MOD-004,InboxItem принадлежит создателю до явного преобразования.,"§10, §27.1, §33; Stage 3.4",,AC-028
BR-029,MOD-004,Преобразование создаёт целевой объект и помечает source как converted в одной транзакции.,"§10, §27.1, §33; Stage 3.4",,AC-029
BR-030,MOD-004,При отказе целевого permission исходный InboxItem остаётся неизменён.,"§10, §27.1, §33; Stage 3.4",,AC-030
BR-031,MOD-005,"Статусы: new, in_progress, review, completed, cancelled; overdue вычисляется.","§11, §27.1.5–16, §29, §33; Stage 3.4",,AC-031
BR-032,MOD-005,Business completion не архивирует задачу автоматически.,"§11, §27.1.5–16, §29, §33; Stage 3.4",,AC-032
BR-033,MOD-005,Полный editor сохраняется явно; узкие команды отправляются отдельно.,"§11, §27.1.5–16, §29, §33; Stage 3.4",,AC-033
BR-034,MOD-005,Переходы определяет сервер; клиент не формирует их из названия роли.,"§11, §27.1.5–16, §29, §33; Stage 3.4",,AC-034
BR-035,MOD-005,Review → completed и review → in_progress выполняются только разрешёнными transition.,"§11, §27.1.5–16, §29, §33; Stage 3.4",,AC-035
BR-036,MOD-006,Подзадача является Task с parentTaskId.,"§11.4–11.5, §27.1.9–10; Stage 3.4",,AC-036
BR-037,MOD-006,Глубина вложенности ограничена одним уровнем.,"§11.4–11.5, §27.1.9–10; Stage 3.4",,AC-037
BR-038,MOD-006,Checklist item не имеет самостоятельного lifecycle вне родительского Task.,"§11.4–11.5, §27.1.9–10; Stage 3.4",,AC-038
BR-039,MOD-006,Reorder сохраняет стабильный порядок без дубликатов.,"§11.4–11.5, §27.1.9–10; Stage 3.4",,AC-039
BR-040,MOD-007,"Series имеет timezone и ровно один termination mode, если завершение задано.","§11.6, §27.1.16; Stage 3.4",,AC-040
BR-041,MOD-007,Occurrence key уникален; повторная генерация идемпотентна.,"§11.6, §27.1.16; Stage 3.4",,AC-041
BR-042,MOD-007,Изменение scope выбирается явно.,"§11.6, §27.1.16; Stage 3.4",,AC-042
BR-043,MOD-007,Отмена серии не помещает её в универсальную корзину.,"§11.6, §27.1.16; Stage 3.4",,AC-043
BR-044,MOD-008,Напоминание имеет ровно один trigger mode.,"§17, §27.1.19–21; Stage 3.4",,AC-044
BR-045,MOD-008,"Snooze меняет время reminder, но не расписание Task/Event.","§17, §27.1.19–21; Stage 3.4",,AC-045
BR-046,MOD-008,Повторное срабатывание дедуплицируется сервером.,"§17, §27.1.19–21; Stage 3.4",,AC-046
BR-047,MOD-009,Overlap разрешён и только предупреждается.,"§12, §27.1.18, §29; Stage 3.4",,AC-047
BR-048,MOD-009,Date-only Task отображается вне временной шкалы.,"§12, §27.1.18, §29; Stage 3.4",,AC-048
BR-049,MOD-009,Deadline не используется как позиция на timeline.,"§12, §27.1.18, §29; Stage 3.4",,AC-049
BR-050,MOD-009,Все локальные времена интерпретируются с timezone.,"§12, §27.1.18, §29; Stage 3.4",,AC-050
BR-051,MOD-010,У проекта всегда остаётся владелец.,"§13, §27.1.7–8, §29, §33; Stage 3.4",,AC-051
BR-052,MOD-010,Завершение проекта и архивирование различаются.,"§13, §27.1.7–8, §29, §33; Stage 3.4",,AC-052
BR-053,MOD-010,Удаление проекта не удаляет каскадно Task и физические файлы.,"§13, §27.1.7–8, §29, §33; Stage 3.4",,AC-053
BR-054,MOD-010,Explicit deny сильнее allow; сервер пересчитывает scopeVersion.,"§13, §27.1.7–8, §29, §33; Stage 3.4",,AC-054
BR-055,MOD-011,Приложение хранит только metadata и paths.,"§§14–15, §27.1.22–31, §29; Stage 3.4",,AC-055
BR-056,MOD-011,OS/SMB ACL остаётся авторитетным для физического открытия.,"§§14–15, §27.1.22–31, §29; Stage 3.4",,AC-056
BR-057,MOD-011,Move в дереве меняет только parent metadata.,"§§14–15, §27.1.22–31, §29; Stage 3.4",,AC-057
BR-058,MOD-011,Удаление/архив/purge не затрагивает физический файл.,"§§14–15, §27.1.22–31, §29; Stage 3.4",,AC-058
BR-059,MOD-011,Выбранный location видим пользователю и может быть заменён альтернативным.,"§§14–15, §27.1.22–31, §29; Stage 3.4",,AC-059
BR-060,MOD-012,Contact может существовать без Company.,"§16, §27.1.32, §29; Stage 3.4",,AC-060
BR-061,MOD-012,Удаление или архивирование не разрывает историю без явного действия.,"§16, §27.1.32, §29; Stage 3.4",,AC-061
BR-062,MOD-012,Контактные каналы валидируются по типу; primary определяется контрактом.,"§16, §27.1.32, §29; Stage 3.4",,AC-062
BR-063,MOD-013,Изменение комментария сохраняет предыдущую версию.,"§16.5, §18, §21, §27.1.33; Stage 3.4",,AC-063
BR-064,MOD-013,Удаление комментария создаёт tombstone и допускает moderation restore.,"§16.5, §18, §21, §27.1.33; Stage 3.4",,AC-064
BR-065,MOD-013,Interaction вводится вручную и является versioned object.,"§16.5, §18, §21, §27.1.33; Stage 3.4",,AC-065
BR-066,MOD-013,Object links не дают permission на target автоматически.,"§16.5, §18, §21, §27.1.33; Stage 3.4",,AC-066
BR-067,MOD-014,Authorization filtering выполняется до pagination.,"§20, §27.1.35; Stage 3.4",,AC-067
BR-068,MOD-014,Cursor связан со всеми фильтрами и scopeVersion.,"§20, §27.1.35; Stage 3.4",,AC-068
BR-069,MOD-014,Изменение фильтра сбрасывает cursor.,"§20, §27.1.35; Stage 3.4",,AC-069
BR-070,MOD-014,EmployeeProfile как самостоятельный result type не поддержан текущим контрактом и зафиксирован OQ.,"§20, §27.1.35; Stage 3.4",,AC-070
BR-071,MOD-015,Notification content после создания неизменно; меняются только состояния доставки/прочтения.,"§17, §27.1.19–21, §29; Stage 3.4",,AC-071
BR-072,MOD-015,Toast action не изменяет бизнес-объект локально.,"§17, §27.1.19–21, §29; Stage 3.4",,AC-072
BR-073,MOD-015,Target permission и version проверяются при каждом действии.,"§17, §27.1.19–21, §29; Stage 3.4",,AC-073
BR-074,MOD-015,Недоступный target не раскрывается.,"§17, §27.1.19–21, §29; Stage 3.4",,AC-074
BR-075,MOD-016,Archived object сохраняется и по умолчанию read-only.,"§22.1, §27.1.36; Stage 3.4",,AC-075
BR-076,MOD-016,Архив не является удалением и не запускает retention purge.,"§22.1, §27.1.36; Stage 3.4",,AC-076
BR-077,MOD-016,"Unarchive проверяет текущие parent, uniqueness и permissions.","§22.1, §27.1.36; Stage 3.4",,AC-077
BR-078,MOD-017,Trashed object не редактируется обычными командами.,"§22.2, §27.1.37, §29; Stage 3.4",,AC-078
BR-079,MOD-017,"Restore валидирует parent, uniqueness и текущие permissions.","§22.2, §27.1.37, §29; Stage 3.4",,AC-079
BR-080,MOD-017,Purge необратим и доступен только после retention.,"§22.2, §27.1.37, §29; Stage 3.4",,AC-080
BR-081,MOD-017,UserAccount не удаляется через generic trash.,"§22.2, §27.1.37, §29; Stage 3.4",,AC-081
BR-082,MOD-018,"Каждая настройка маркируется как user-synced, device-local или server-managed.","§23, §24; Stage 3.4",,AC-082
BR-083,MOD-018,PATCH omitted означает unchanged; null очищает только nullable field.,"§23, §24; Stage 3.4",,AC-083
BR-084,MOD-018,Unsupported controls не отображаются.,"§23, §24; Stage 3.4",,AC-084
BR-085,MOD-019,Administrative action требует отдельной capability и server-side check.,"§7.1, §24–26, §29; Stage 3.4",,AC-085
BR-086,MOD-019,System roles/canonical permissions не меняются произвольно.,"§7.1, §24–26, §29; Stage 3.4",,AC-086
BR-087,MOD-019,"Backup success подтверждается проверкой результата, а не существованием файла.","§7.1, §24–26, §29; Stage 3.4",,AC-087
BR-088,MOD-019,Любая sensitive admin command журналируется.,"§7.1, §24–26, §29; Stage 3.4",,AC-088
BR-089,MOD-020,Сервер является единственным источником истины.,"§18–19, §27.2, §29; Stage 3.4",,AC-089
BR-090,MOD-020,Без сервера общие writes заблокированы.,"§18–19, §27.2, §29; Stage 3.4",,AC-090
BR-091,MOD-020,Scope change удаляет чувствительные projections до render.,"§18–19, §27.2, §29; Stage 3.4",,AC-091
BR-092,MOD-020,"Realtime является invalidation, durable truth идёт через change feed.","§18–19, §27.2, §29; Stage 3.4",,AC-092
BR-093,MOD-020,Conflict никогда не перезаписывается автоматически.,"§18–19, §27.2, §29; Stage 3.4",,AC-093
BR-094,MOD-021,Audit append-only.,"§21, §25, §27.1.34; Stage 3.4",,AC-094
BR-095,MOD-021,История фильтруется текущими правами.,"§21, §25, §27.1.34; Stage 3.4",,AC-095
BR-096,MOD-021,"Пароли, tokens, secrets и чувствительные полные paths не журналируются.","§21, §25, §27.1.34; Stage 3.4",,AC-096
BR-097,MOD-021,Экспорт аудита создаётся как контролируемая фоновая операция.,"§21, §25, §27.1.34; Stage 3.4",,AC-097
