event,source,payload,publication,delivery,replay,retention,consumers
AllSessionsRevoked,auth,"eventId, organizationId, aggregateId, aggregateType, aggregateVersion, occurredAt, actorId, correlationId, changedFields/minimal metadata",after DB commit via outbox,at-least-once,yes; eventId/inbox unique,90 days domain / 30 days delivered outbox,change-feed projector; audit/history; notification/search/realtime as applicable
AuditExportRequested,audit,"eventId, organizationId, aggregateId, aggregateType, aggregateVersion, occurredAt, actorId, correlationId, changedFields/minimal metadata",after DB commit via outbox,at-least-once,yes; eventId/inbox unique,90 days domain / 30 days delivered outbox,change-feed projector; audit/history; notification/search/realtime as applicable
AuthorizationScopeChanged,worker/system,"eventId, organizationId, aggregateId, aggregateType, aggregateVersion, occurredAt, actorId, correlationId, changedFields/minimal metadata",after DB commit via outbox,at-least-once,yes; eventId/inbox unique,90 days domain / 30 days delivered outbox,change-feed projector; audit/history; notification/search/realtime as applicable
BackgroundJobRequested,admin,"eventId, organizationId, aggregateId, aggregateType, aggregateVersion, occurredAt, actorId, correlationId, changedFields/minimal metadata",after DB commit via outbox,at-least-once,yes; eventId/inbox unique,90 days domain / 30 days delivered outbox,change-feed projector; audit/history; notification/search/realtime as applicable
BackupCompleted,worker/system,"eventId, organizationId, aggregateId, aggregateType, aggregateVersion, occurredAt, actorId, correlationId, changedFields/minimal metadata",after DB commit via outbox,at-least-once,yes; eventId/inbox unique,90 days domain / 30 days delivered outbox,change-feed projector; audit/history; notification/search/realtime as applicable
BackupFailed,worker/system,"eventId, organizationId, aggregateId, aggregateType, aggregateVersion, occurredAt, actorId, correlationId, changedFields/minimal metadata",after DB commit via outbox,at-least-once,yes; eventId/inbox unique,90 days domain / 30 days delivered outbox,change-feed projector; audit/history; notification/search/realtime as applicable
BackupRequested,admin,"eventId, organizationId, aggregateId, aggregateType, aggregateVersion, occurredAt, actorId, correlationId, changedFields/minimal metadata",after DB commit via outbox,at-least-once,yes; eventId/inbox unique,90 days domain / 30 days delivered outbox,change-feed projector; audit/history; notification/search/realtime as applicable
BackupVerificationRequested,admin,"eventId, organizationId, aggregateId, aggregateType, aggregateVersion, occurredAt, actorId, correlationId, changedFields/minimal metadata",after DB commit via outbox,at-least-once,yes; eventId/inbox unique,90 days domain / 30 days delivered outbox,change-feed projector; audit/history; notification/search/realtime as applicable
CalendarAttendeesChanged,calendar,"eventId, organizationId, aggregateId, aggregateType, aggregateVersion, occurredAt, actorId, correlationId, changedFields/minimal metadata",after DB commit via outbox,at-least-once,yes; eventId/inbox unique,90 days domain / 30 days delivered outbox,change-feed projector; audit/history; notification/search/realtime as applicable
CalendarEventArchived,calendar,"eventId, organizationId, aggregateId, aggregateType, aggregateVersion, occurredAt, actorId, correlationId, changedFields/minimal metadata",after DB commit via outbox,at-least-once,yes; eventId/inbox unique,90 days domain / 30 days delivered outbox,change-feed projector; audit/history; notification/search/realtime as applicable
CalendarEventCreated,calendar,"eventId, organizationId, aggregateId, aggregateType, aggregateVersion, occurredAt, actorId, correlationId, changedFields/minimal metadata",after DB commit via outbox,at-least-once,yes; eventId/inbox unique,90 days domain / 30 days delivered outbox,change-feed projector; audit/history; notification/search/realtime as applicable
CalendarEventDeleted,calendar,"eventId, organizationId, aggregateId, aggregateType, aggregateVersion, occurredAt, actorId, correlationId, changedFields/minimal metadata",after DB commit via outbox,at-least-once,yes; eventId/inbox unique,90 days domain / 30 days delivered outbox,change-feed projector; audit/history; notification/search/realtime as applicable
CalendarEventRestored,calendar,"eventId, organizationId, aggregateId, aggregateType, aggregateVersion, occurredAt, actorId, correlationId, changedFields/minimal metadata",after DB commit via outbox,at-least-once,yes; eventId/inbox unique,90 days domain / 30 days delivered outbox,change-feed projector; audit/history; notification/search/realtime as applicable
CalendarEventUnarchived,calendar,"eventId, organizationId, aggregateId, aggregateType, aggregateVersion, occurredAt, actorId, correlationId, changedFields/minimal metadata",after DB commit via outbox,at-least-once,yes; eventId/inbox unique,90 days domain / 30 days delivered outbox,change-feed projector; audit/history; notification/search/realtime as applicable
CalendarEventUpdated,calendar,"eventId, organizationId, aggregateId, aggregateType, aggregateVersion, occurredAt, actorId, correlationId, changedFields/minimal metadata",after DB commit via outbox,at-least-once,yes; eventId/inbox unique,90 days domain / 30 days delivered outbox,change-feed projector; audit/history; notification/search/realtime as applicable
CalendarInvitationResponded,calendar,"eventId, organizationId, aggregateId, aggregateType, aggregateVersion, occurredAt, actorId, correlationId, changedFields/minimal metadata",after DB commit via outbox,at-least-once,yes; eventId/inbox unique,90 days domain / 30 days delivered outbox,change-feed projector; audit/history; notification/search/realtime as applicable
CatalogItemArchived,files,"eventId, organizationId, aggregateId, aggregateType, aggregateVersion, occurredAt, actorId, correlationId, changedFields/minimal metadata",after DB commit via outbox,at-least-once,yes; eventId/inbox unique,90 days domain / 30 days delivered outbox,change-feed projector; audit/history; notification/search/realtime as applicable
CatalogItemCreated,files,"eventId, organizationId, aggregateId, aggregateType, aggregateVersion, occurredAt, actorId, correlationId, changedFields/minimal metadata",after DB commit via outbox,at-least-once,yes; eventId/inbox unique,90 days domain / 30 days delivered outbox,change-feed projector; audit/history; notification/search/realtime as applicable
CatalogItemDeleted,files,"eventId, organizationId, aggregateId, aggregateType, aggregateVersion, occurredAt, actorId, correlationId, changedFields/minimal metadata",after DB commit via outbox,at-least-once,yes; eventId/inbox unique,90 days domain / 30 days delivered outbox,change-feed projector; audit/history; notification/search/realtime as applicable
CatalogItemMoved,files,"eventId, organizationId, aggregateId, aggregateType, aggregateVersion, occurredAt, actorId, correlationId, changedFields/minimal metadata",after DB commit via outbox,at-least-once,yes; eventId/inbox unique,90 days domain / 30 days delivered outbox,change-feed projector; audit/history; notification/search/realtime as applicable
CatalogItemRestored,files,"eventId, organizationId, aggregateId, aggregateType, aggregateVersion, occurredAt, actorId, correlationId, changedFields/minimal metadata",after DB commit via outbox,at-least-once,yes; eventId/inbox unique,90 days domain / 30 days delivered outbox,change-feed projector; audit/history; notification/search/realtime as applicable
CatalogItemUnarchived,files,"eventId, organizationId, aggregateId, aggregateType, aggregateVersion, occurredAt, actorId, correlationId, changedFields/minimal metadata",after DB commit via outbox,at-least-once,yes; eventId/inbox unique,90 days domain / 30 days delivered outbox,change-feed projector; audit/history; notification/search/realtime as applicable
CatalogItemUpdated,files,"eventId, organizationId, aggregateId, aggregateType, aggregateVersion, occurredAt, actorId, correlationId, changedFields/minimal metadata",after DB commit via outbox,at-least-once,yes; eventId/inbox unique,90 days domain / 30 days delivered outbox,change-feed projector; audit/history; notification/search/realtime as applicable
ChangeFeedCompactionRequested,admin,"eventId, organizationId, aggregateId, aggregateType, aggregateVersion, occurredAt, actorId, correlationId, changedFields/minimal metadata",after DB commit via outbox,at-least-once,yes; eventId/inbox unique,90 days domain / 30 days delivered outbox,change-feed projector; audit/history; notification/search/realtime as applicable
ChecklistCreated,checklists,"eventId, organizationId, aggregateId, aggregateType, aggregateVersion, occurredAt, actorId, correlationId, changedFields/minimal metadata",after DB commit via outbox,at-least-once,yes; eventId/inbox unique,90 days domain / 30 days delivered outbox,change-feed projector; audit/history; notification/search/realtime as applicable
ChecklistDeleted,checklists,"eventId, organizationId, aggregateId, aggregateType, aggregateVersion, occurredAt, actorId, correlationId, changedFields/minimal metadata",after DB commit via outbox,at-least-once,yes; eventId/inbox unique,90 days domain / 30 days delivered outbox,change-feed projector; audit/history; notification/search/realtime as applicable
ChecklistItemChanged,checklists,"eventId, organizationId, aggregateId, aggregateType, aggregateVersion, occurredAt, actorId, correlationId, changedFields/minimal metadata",after DB commit via outbox,at-least-once,yes; eventId/inbox unique,90 days domain / 30 days delivered outbox,change-feed projector; audit/history; notification/search/realtime as applicable
ChecklistItemCreated,checklists,"eventId, organizationId, aggregateId, aggregateType, aggregateVersion, occurredAt, actorId, correlationId, changedFields/minimal metadata",after DB commit via outbox,at-least-once,yes; eventId/inbox unique,90 days domain / 30 days delivered outbox,change-feed projector; audit/history; notification/search/realtime as applicable
ChecklistItemDeleted,checklists,"eventId, organizationId, aggregateId, aggregateType, aggregateVersion, occurredAt, actorId, correlationId, changedFields/minimal metadata",after DB commit via outbox,at-least-once,yes; eventId/inbox unique,90 days domain / 30 days delivered outbox,change-feed projector; audit/history; notification/search/realtime as applicable
ChecklistReordered,checklists,"eventId, organizationId, aggregateId, aggregateType, aggregateVersion, occurredAt, actorId, correlationId, changedFields/minimal metadata",after DB commit via outbox,at-least-once,yes; eventId/inbox unique,90 days domain / 30 days delivered outbox,change-feed projector; audit/history; notification/search/realtime as applicable
ChecklistUpdated,checklists,"eventId, organizationId, aggregateId, aggregateType, aggregateVersion, occurredAt, actorId, correlationId, changedFields/minimal metadata",after DB commit via outbox,at-least-once,yes; eventId/inbox unique,90 days domain / 30 days delivered outbox,change-feed projector; audit/history; notification/search/realtime as applicable
ClientVersionRejected,worker/system,"eventId, organizationId, aggregateId, aggregateType, aggregateVersion, occurredAt, actorId, correlationId, changedFields/minimal metadata",after DB commit via outbox,at-least-once,yes; eventId/inbox unique,90 days domain / 30 days delivered outbox,change-feed projector; audit/history; notification/search/realtime as applicable
CommentAdded,comments,"eventId, organizationId, aggregateId, aggregateType, aggregateVersion, occurredAt, actorId, correlationId, changedFields/minimal metadata",after DB commit via outbox,at-least-once,yes; eventId/inbox unique,90 days domain / 30 days delivered outbox,change-feed projector; audit/history; notification/search/realtime as applicable
CommentDeleted,comments,"eventId, organizationId, aggregateId, aggregateType, aggregateVersion, occurredAt, actorId, correlationId, changedFields/minimal metadata",after DB commit via outbox,at-least-once,yes; eventId/inbox unique,90 days domain / 30 days delivered outbox,change-feed projector; audit/history; notification/search/realtime as applicable
CommentEdited,comments,"eventId, organizationId, aggregateId, aggregateType, aggregateVersion, occurredAt, actorId, correlationId, changedFields/minimal metadata",after DB commit via outbox,at-least-once,yes; eventId/inbox unique,90 days domain / 30 days delivered outbox,change-feed projector; audit/history; notification/search/realtime as applicable
CommentRestored,comments,"eventId, organizationId, aggregateId, aggregateType, aggregateVersion, occurredAt, actorId, correlationId, changedFields/minimal metadata",after DB commit via outbox,at-least-once,yes; eventId/inbox unique,90 days domain / 30 days delivered outbox,change-feed projector; audit/history; notification/search/realtime as applicable
CompanyArchived,companies,"eventId, organizationId, aggregateId, aggregateType, aggregateVersion, occurredAt, actorId, correlationId, changedFields/minimal metadata",after DB commit via outbox,at-least-once,yes; eventId/inbox unique,90 days domain / 30 days delivered outbox,change-feed projector; audit/history; notification/search/realtime as applicable
CompanyContactLinked,companies,"eventId, organizationId, aggregateId, aggregateType, aggregateVersion, occurredAt, actorId, correlationId, changedFields/minimal metadata",after DB commit via outbox,at-least-once,yes; eventId/inbox unique,90 days domain / 30 days delivered outbox,change-feed projector; audit/history; notification/search/realtime as applicable
CompanyContactUnlinked,companies,"eventId, organizationId, aggregateId, aggregateType, aggregateVersion, occurredAt, actorId, correlationId, changedFields/minimal metadata",after DB commit via outbox,at-least-once,yes; eventId/inbox unique,90 days domain / 30 days delivered outbox,change-feed projector; audit/history; notification/search/realtime as applicable
CompanyCreated,companies,"eventId, organizationId, aggregateId, aggregateType, aggregateVersion, occurredAt, actorId, correlationId, changedFields/minimal metadata",after DB commit via outbox,at-least-once,yes; eventId/inbox unique,90 days domain / 30 days delivered outbox,change-feed projector; audit/history; notification/search/realtime as applicable
CompanyDeleted,companies,"eventId, organizationId, aggregateId, aggregateType, aggregateVersion, occurredAt, actorId, correlationId, changedFields/minimal metadata",after DB commit via outbox,at-least-once,yes; eventId/inbox unique,90 days domain / 30 days delivered outbox,change-feed projector; audit/history; notification/search/realtime as applicable
CompanyRestored,companies,"eventId, organizationId, aggregateId, aggregateType, aggregateVersion, occurredAt, actorId, correlationId, changedFields/minimal metadata",after DB commit via outbox,at-least-once,yes; eventId/inbox unique,90 days domain / 30 days delivered outbox,change-feed projector; audit/history; notification/search/realtime as applicable
CompanyUnarchived,companies,"eventId, organizationId, aggregateId, aggregateType, aggregateVersion, occurredAt, actorId, correlationId, changedFields/minimal metadata",after DB commit via outbox,at-least-once,yes; eventId/inbox unique,90 days domain / 30 days delivered outbox,change-feed projector; audit/history; notification/search/realtime as applicable
CompanyUpdated,companies,"eventId, organizationId, aggregateId, aggregateType, aggregateVersion, occurredAt, actorId, correlationId, changedFields/minimal metadata",after DB commit via outbox,at-least-once,yes; eventId/inbox unique,90 days domain / 30 days delivered outbox,change-feed projector; audit/history; notification/search/realtime as applicable
ContactAddressAdded,contacts,"eventId, organizationId, aggregateId, aggregateType, aggregateVersion, occurredAt, actorId, correlationId, changedFields/minimal metadata",after DB commit via outbox,at-least-once,yes; eventId/inbox unique,90 days domain / 30 days delivered outbox,change-feed projector; audit/history; notification/search/realtime as applicable
ContactArchived,contacts,"eventId, organizationId, aggregateId, aggregateType, aggregateVersion, occurredAt, actorId, correlationId, changedFields/minimal metadata",after DB commit via outbox,at-least-once,yes; eventId/inbox unique,90 days domain / 30 days delivered outbox,change-feed projector; audit/history; notification/search/realtime as applicable
ContactChannelAdded,contacts,"eventId, organizationId, aggregateId, aggregateType, aggregateVersion, occurredAt, actorId, correlationId, changedFields/minimal metadata",after DB commit via outbox,at-least-once,yes; eventId/inbox unique,90 days domain / 30 days delivered outbox,change-feed projector; audit/history; notification/search/realtime as applicable
ContactChannelChanged,contacts,"eventId, organizationId, aggregateId, aggregateType, aggregateVersion, occurredAt, actorId, correlationId, changedFields/minimal metadata",after DB commit via outbox,at-least-once,yes; eventId/inbox unique,90 days domain / 30 days delivered outbox,change-feed projector; audit/history; notification/search/realtime as applicable
ContactChannelDeleted,contacts,"eventId, organizationId, aggregateId, aggregateType, aggregateVersion, occurredAt, actorId, correlationId, changedFields/minimal metadata",after DB commit via outbox,at-least-once,yes; eventId/inbox unique,90 days domain / 30 days delivered outbox,change-feed projector; audit/history; notification/search/realtime as applicable
ContactCreated,contacts,"eventId, organizationId, aggregateId, aggregateType, aggregateVersion, occurredAt, actorId, correlationId, changedFields/minimal metadata",after DB commit via outbox,at-least-once,yes; eventId/inbox unique,90 days domain / 30 days delivered outbox,change-feed projector; audit/history; notification/search/realtime as applicable
ContactDeleted,contacts,"eventId, organizationId, aggregateId, aggregateType, aggregateVersion, occurredAt, actorId, correlationId, changedFields/minimal metadata",after DB commit via outbox,at-least-once,yes; eventId/inbox unique,90 days domain / 30 days delivered outbox,change-feed projector; audit/history; notification/search/realtime as applicable
ContactRestored,contacts,"eventId, organizationId, aggregateId, aggregateType, aggregateVersion, occurredAt, actorId, correlationId, changedFields/minimal metadata",after DB commit via outbox,at-least-once,yes; eventId/inbox unique,90 days domain / 30 days delivered outbox,change-feed projector; audit/history; notification/search/realtime as applicable
ContactUnarchived,contacts,"eventId, organizationId, aggregateId, aggregateType, aggregateVersion, occurredAt, actorId, correlationId, changedFields/minimal metadata",after DB commit via outbox,at-least-once,yes; eventId/inbox unique,90 days domain / 30 days delivered outbox,change-feed projector; audit/history; notification/search/realtime as applicable
ContactUpdated,contacts,"eventId, organizationId, aggregateId, aggregateType, aggregateVersion, occurredAt, actorId, correlationId, changedFields/minimal metadata",after DB commit via outbox,at-least-once,yes; eventId/inbox unique,90 days domain / 30 days delivered outbox,change-feed projector; audit/history; notification/search/realtime as applicable
DepartmentArchived,departments,"eventId, organizationId, aggregateId, aggregateType, aggregateVersion, occurredAt, actorId, correlationId, changedFields/minimal metadata",after DB commit via outbox,at-least-once,yes; eventId/inbox unique,90 days domain / 30 days delivered outbox,change-feed projector; audit/history; notification/search/realtime as applicable
DepartmentCreated,departments,"eventId, organizationId, aggregateId, aggregateType, aggregateVersion, occurredAt, actorId, correlationId, changedFields/minimal metadata",after DB commit via outbox,at-least-once,yes; eventId/inbox unique,90 days domain / 30 days delivered outbox,change-feed projector; audit/history; notification/search/realtime as applicable
DepartmentDeleted,departments,"eventId, organizationId, aggregateId, aggregateType, aggregateVersion, occurredAt, actorId, correlationId, changedFields/minimal metadata",after DB commit via outbox,at-least-once,yes; eventId/inbox unique,90 days domain / 30 days delivered outbox,change-feed projector; audit/history; notification/search/realtime as applicable
DepartmentManagersChanged,departments,"eventId, organizationId, aggregateId, aggregateType, aggregateVersion, occurredAt, actorId, correlationId, changedFields/minimal metadata",after DB commit via outbox,at-least-once,yes; eventId/inbox unique,90 days domain / 30 days delivered outbox,change-feed projector; audit/history; notification/search/realtime as applicable
DepartmentRestored,departments,"eventId, organizationId, aggregateId, aggregateType, aggregateVersion, occurredAt, actorId, correlationId, changedFields/minimal metadata",after DB commit via outbox,at-least-once,yes; eventId/inbox unique,90 days domain / 30 days delivered outbox,change-feed projector; audit/history; notification/search/realtime as applicable
DepartmentUnarchived,departments,"eventId, organizationId, aggregateId, aggregateType, aggregateVersion, occurredAt, actorId, correlationId, changedFields/minimal metadata",after DB commit via outbox,at-least-once,yes; eventId/inbox unique,90 days domain / 30 days delivered outbox,change-feed projector; audit/history; notification/search/realtime as applicable
DepartmentUpdated,departments,"eventId, organizationId, aggregateId, aggregateType, aggregateVersion, occurredAt, actorId, correlationId, changedFields/minimal metadata",after DB commit via outbox,at-least-once,yes; eventId/inbox unique,90 days domain / 30 days delivered outbox,change-feed projector; audit/history; notification/search/realtime as applicable
DeviceRevoked,devices,"eventId, organizationId, aggregateId, aggregateType, aggregateVersion, occurredAt, actorId, correlationId, changedFields/minimal metadata",after DB commit via outbox,at-least-once,yes; eventId/inbox unique,90 days domain / 30 days delivered outbox,change-feed projector; audit/history; notification/search/realtime as applicable
DeviceUpdated,devices,"eventId, organizationId, aggregateId, aggregateType, aggregateVersion, occurredAt, actorId, correlationId, changedFields/minimal metadata",after DB commit via outbox,at-least-once,yes; eventId/inbox unique,90 days domain / 30 days delivered outbox,change-feed projector; audit/history; notification/search/realtime as applicable
FeatureFlagChanged,admin,"eventId, organizationId, aggregateId, aggregateType, aggregateVersion, occurredAt, actorId, correlationId, changedFields/minimal metadata",after DB commit via outbox,at-least-once,yes; eventId/inbox unique,90 days domain / 30 days delivered outbox,change-feed projector; audit/history; notification/search/realtime as applicable
FileLocationAdded,files,"eventId, organizationId, aggregateId, aggregateType, aggregateVersion, occurredAt, actorId, correlationId, changedFields/minimal metadata",after DB commit via outbox,at-least-once,yes; eventId/inbox unique,90 days domain / 30 days delivered outbox,change-feed projector; audit/history; notification/search/realtime as applicable
FileLocationAvailabilityChanged,worker/system,"eventId, organizationId, aggregateId, aggregateType, aggregateVersion, occurredAt, actorId, correlationId, changedFields/minimal metadata",after DB commit via outbox,at-least-once,yes; eventId/inbox unique,90 days domain / 30 days delivered outbox,change-feed projector; audit/history; notification/search/realtime as applicable
FileLocationChanged,files,"eventId, organizationId, aggregateId, aggregateType, aggregateVersion, occurredAt, actorId, correlationId, changedFields/minimal metadata",after DB commit via outbox,at-least-once,yes; eventId/inbox unique,90 days domain / 30 days delivered outbox,change-feed projector; audit/history; notification/search/realtime as applicable
FileLocationChecked,files,"eventId, organizationId, aggregateId, aggregateType, aggregateVersion, occurredAt, actorId, correlationId, changedFields/minimal metadata",after DB commit via outbox,at-least-once,yes; eventId/inbox unique,90 days domain / 30 days delivered outbox,change-feed projector; audit/history; notification/search/realtime as applicable
FileLocationRemoved,files,"eventId, organizationId, aggregateId, aggregateType, aggregateVersion, occurredAt, actorId, correlationId, changedFields/minimal metadata",after DB commit via outbox,at-least-once,yes; eventId/inbox unique,90 days domain / 30 days delivered outbox,change-feed projector; audit/history; notification/search/realtime as applicable
FileOpenRequested,files,"eventId, organizationId, aggregateId, aggregateType, aggregateVersion, occurredAt, actorId, correlationId, changedFields/minimal metadata",after DB commit via outbox,at-least-once,yes; eventId/inbox unique,90 days domain / 30 days delivered outbox,change-feed projector; audit/history; notification/search/realtime as applicable
InboxItemConvertedToCatalog,inbox,"eventId, organizationId, aggregateId, aggregateType, aggregateVersion, occurredAt, actorId, correlationId, changedFields/minimal metadata",after DB commit via outbox,at-least-once,yes; eventId/inbox unique,90 days domain / 30 days delivered outbox,change-feed projector; audit/history; notification/search/realtime as applicable
InboxItemConvertedToTask,inbox,"eventId, organizationId, aggregateId, aggregateType, aggregateVersion, occurredAt, actorId, correlationId, changedFields/minimal metadata",after DB commit via outbox,at-least-once,yes; eventId/inbox unique,90 days domain / 30 days delivered outbox,change-feed projector; audit/history; notification/search/realtime as applicable
InboxItemCreated,inbox,"eventId, organizationId, aggregateId, aggregateType, aggregateVersion, occurredAt, actorId, correlationId, changedFields/minimal metadata",after DB commit via outbox,at-least-once,yes; eventId/inbox unique,90 days domain / 30 days delivered outbox,change-feed projector; audit/history; notification/search/realtime as applicable
InboxItemDeleted,inbox,"eventId, organizationId, aggregateId, aggregateType, aggregateVersion, occurredAt, actorId, correlationId, changedFields/minimal metadata",after DB commit via outbox,at-least-once,yes; eventId/inbox unique,90 days domain / 30 days delivered outbox,change-feed projector; audit/history; notification/search/realtime as applicable
InboxItemRestored,inbox,"eventId, organizationId, aggregateId, aggregateType, aggregateVersion, occurredAt, actorId, correlationId, changedFields/minimal metadata",after DB commit via outbox,at-least-once,yes; eventId/inbox unique,90 days domain / 30 days delivered outbox,change-feed projector; audit/history; notification/search/realtime as applicable
InboxItemUpdated,inbox,"eventId, organizationId, aggregateId, aggregateType, aggregateVersion, occurredAt, actorId, correlationId, changedFields/minimal metadata",after DB commit via outbox,at-least-once,yes; eventId/inbox unique,90 days domain / 30 days delivered outbox,change-feed projector; audit/history; notification/search/realtime as applicable
InteractionCreated,interactions,"eventId, organizationId, aggregateId, aggregateType, aggregateVersion, occurredAt, actorId, correlationId, changedFields/minimal metadata",after DB commit via outbox,at-least-once,yes; eventId/inbox unique,90 days domain / 30 days delivered outbox,change-feed projector; audit/history; notification/search/realtime as applicable
InteractionDeleted,interactions,"eventId, organizationId, aggregateId, aggregateType, aggregateVersion, occurredAt, actorId, correlationId, changedFields/minimal metadata",after DB commit via outbox,at-least-once,yes; eventId/inbox unique,90 days domain / 30 days delivered outbox,change-feed projector; audit/history; notification/search/realtime as applicable
InteractionParticipantsChanged,interactions,"eventId, organizationId, aggregateId, aggregateType, aggregateVersion, occurredAt, actorId, correlationId, changedFields/minimal metadata",after DB commit via outbox,at-least-once,yes; eventId/inbox unique,90 days domain / 30 days delivered outbox,change-feed projector; audit/history; notification/search/realtime as applicable
InteractionRestored,interactions,"eventId, organizationId, aggregateId, aggregateType, aggregateVersion, occurredAt, actorId, correlationId, changedFields/minimal metadata",after DB commit via outbox,at-least-once,yes; eventId/inbox unique,90 days domain / 30 days delivered outbox,change-feed projector; audit/history; notification/search/realtime as applicable
InteractionUpdated,interactions,"eventId, organizationId, aggregateId, aggregateType, aggregateVersion, occurredAt, actorId, correlationId, changedFields/minimal metadata",after DB commit via outbox,at-least-once,yes; eventId/inbox unique,90 days domain / 30 days delivered outbox,change-feed projector; audit/history; notification/search/realtime as applicable
MaintenanceModeChanged,admin,"eventId, organizationId, aggregateId, aggregateType, aggregateVersion, occurredAt, actorId, correlationId, changedFields/minimal metadata",after DB commit via outbox,at-least-once,yes; eventId/inbox unique,90 days domain / 30 days delivered outbox,change-feed projector; audit/history; notification/search/realtime as applicable
NetworkResourceChanged,files,"eventId, organizationId, aggregateId, aggregateType, aggregateVersion, occurredAt, actorId, correlationId, changedFields/minimal metadata",after DB commit via outbox,at-least-once,yes; eventId/inbox unique,90 days domain / 30 days delivered outbox,change-feed projector; audit/history; notification/search/realtime as applicable
NetworkResourceCreated,files,"eventId, organizationId, aggregateId, aggregateType, aggregateVersion, occurredAt, actorId, correlationId, changedFields/minimal metadata",after DB commit via outbox,at-least-once,yes; eventId/inbox unique,90 days domain / 30 days delivered outbox,change-feed projector; audit/history; notification/search/realtime as applicable
NetworkResourceProbed,files,"eventId, organizationId, aggregateId, aggregateType, aggregateVersion, occurredAt, actorId, correlationId, changedFields/minimal metadata",after DB commit via outbox,at-least-once,yes; eventId/inbox unique,90 days domain / 30 days delivered outbox,change-feed projector; audit/history; notification/search/realtime as applicable
NotificationActionExecuted,notifications,"eventId, organizationId, aggregateId, aggregateType, aggregateVersion, occurredAt, actorId, correlationId, changedFields/minimal metadata",after DB commit via outbox,at-least-once,yes; eventId/inbox unique,90 days domain / 30 days delivered outbox,change-feed projector; audit/history; notification/search/realtime as applicable
NotificationDelivered,worker/system,"eventId, organizationId, aggregateId, aggregateType, aggregateVersion, occurredAt, actorId, correlationId, changedFields/minimal metadata",after DB commit via outbox,at-least-once,yes; eventId/inbox unique,90 days domain / 30 days delivered outbox,change-feed projector; audit/history; notification/search/realtime as applicable
NotificationDeliveryRequested,worker/system,"eventId, organizationId, aggregateId, aggregateType, aggregateVersion, occurredAt, actorId, correlationId, changedFields/minimal metadata",after DB commit via outbox,at-least-once,yes; eventId/inbox unique,90 days domain / 30 days delivered outbox,change-feed projector; audit/history; notification/search/realtime as applicable
NotificationPreferencesChanged,notifications,"eventId, organizationId, aggregateId, aggregateType, aggregateVersion, occurredAt, actorId, correlationId, changedFields/minimal metadata",after DB commit via outbox,at-least-once,yes; eventId/inbox unique,90 days domain / 30 days delivered outbox,change-feed projector; audit/history; notification/search/realtime as applicable
NotificationRead,notifications,"eventId, organizationId, aggregateId, aggregateType, aggregateVersion, occurredAt, actorId, correlationId, changedFields/minimal metadata",after DB commit via outbox,at-least-once,yes; eventId/inbox unique,90 days domain / 30 days delivered outbox,change-feed projector; audit/history; notification/search/realtime as applicable
NotificationsRead,notifications,"eventId, organizationId, aggregateId, aggregateType, aggregateVersion, occurredAt, actorId, correlationId, changedFields/minimal metadata",after DB commit via outbox,at-least-once,yes; eventId/inbox unique,90 days domain / 30 days delivered outbox,change-feed projector; audit/history; notification/search/realtime as applicable
ObjectLinked,tags,"eventId, organizationId, aggregateId, aggregateType, aggregateVersion, occurredAt, actorId, correlationId, changedFields/minimal metadata",after DB commit via outbox,at-least-once,yes; eventId/inbox unique,90 days domain / 30 days delivered outbox,change-feed projector; audit/history; notification/search/realtime as applicable
ObjectPurgeRequested,trash,"eventId, organizationId, aggregateId, aggregateType, aggregateVersion, occurredAt, actorId, correlationId, changedFields/minimal metadata",after DB commit via outbox,at-least-once,yes; eventId/inbox unique,90 days domain / 30 days delivered outbox,change-feed projector; audit/history; notification/search/realtime as applicable
ObjectRestored,trash,"eventId, organizationId, aggregateId, aggregateType, aggregateVersion, occurredAt, actorId, correlationId, changedFields/minimal metadata",after DB commit via outbox,at-least-once,yes; eventId/inbox unique,90 days domain / 30 days delivered outbox,change-feed projector; audit/history; notification/search/realtime as applicable
ObjectTagsChanged,tags,"eventId, organizationId, aggregateId, aggregateType, aggregateVersion, occurredAt, actorId, correlationId, changedFields/minimal metadata",after DB commit via outbox,at-least-once,yes; eventId/inbox unique,90 days domain / 30 days delivered outbox,change-feed projector; audit/history; notification/search/realtime as applicable
ObjectUnarchived,archive,"eventId, organizationId, aggregateId, aggregateType, aggregateVersion, occurredAt, actorId, correlationId, changedFields/minimal metadata",after DB commit via outbox,at-least-once,yes; eventId/inbox unique,90 days domain / 30 days delivered outbox,change-feed projector; audit/history; notification/search/realtime as applicable
ObjectUnlinked,tags,"eventId, organizationId, aggregateId, aggregateType, aggregateVersion, occurredAt, actorId, correlationId, changedFields/minimal metadata",after DB commit via outbox,at-least-once,yes; eventId/inbox unique,90 days domain / 30 days delivered outbox,change-feed projector; audit/history; notification/search/realtime as applicable
OrganizationSettingsChanged,settings,"eventId, organizationId, aggregateId, aggregateType, aggregateVersion, occurredAt, actorId, correlationId, changedFields/minimal metadata",after DB commit via outbox,at-least-once,yes; eventId/inbox unique,90 days domain / 30 days delivered outbox,change-feed projector; audit/history; notification/search/realtime as applicable
PasswordChanged,auth,"eventId, organizationId, aggregateId, aggregateType, aggregateVersion, occurredAt, actorId, correlationId, changedFields/minimal metadata",after DB commit via outbox,at-least-once,yes; eventId/inbox unique,90 days domain / 30 days delivered outbox,change-feed projector; audit/history; notification/search/realtime as applicable
PasswordResetByAdmin,auth,"eventId, organizationId, aggregateId, aggregateType, aggregateVersion, occurredAt, actorId, correlationId, changedFields/minimal metadata",after DB commit via outbox,at-least-once,yes; eventId/inbox unique,90 days domain / 30 days delivered outbox,change-feed projector; audit/history; notification/search/realtime as applicable
ProjectArchived,projects,"eventId, organizationId, aggregateId, aggregateType, aggregateVersion, occurredAt, actorId, correlationId, changedFields/minimal metadata",after DB commit via outbox,at-least-once,yes; eventId/inbox unique,90 days domain / 30 days delivered outbox,change-feed projector; audit/history; notification/search/realtime as applicable
ProjectCreated,projects,"eventId, organizationId, aggregateId, aggregateType, aggregateVersion, occurredAt, actorId, correlationId, changedFields/minimal metadata",after DB commit via outbox,at-least-once,yes; eventId/inbox unique,90 days domain / 30 days delivered outbox,change-feed projector; audit/history; notification/search/realtime as applicable
ProjectDeleted,projects,"eventId, organizationId, aggregateId, aggregateType, aggregateVersion, occurredAt, actorId, correlationId, changedFields/minimal metadata",after DB commit via outbox,at-least-once,yes; eventId/inbox unique,90 days domain / 30 days delivered outbox,change-feed projector; audit/history; notification/search/realtime as applicable
ProjectMemberAdded,projects,"eventId, organizationId, aggregateId, aggregateType, aggregateVersion, occurredAt, actorId, correlationId, changedFields/minimal metadata",after DB commit via outbox,at-least-once,yes; eventId/inbox unique,90 days domain / 30 days delivered outbox,change-feed projector; audit/history; notification/search/realtime as applicable
ProjectMemberPermissionsChanged,projects,"eventId, organizationId, aggregateId, aggregateType, aggregateVersion, occurredAt, actorId, correlationId, changedFields/minimal metadata",after DB commit via outbox,at-least-once,yes; eventId/inbox unique,90 days domain / 30 days delivered outbox,change-feed projector; audit/history; notification/search/realtime as applicable
ProjectMemberRemoved,projects,"eventId, organizationId, aggregateId, aggregateType, aggregateVersion, occurredAt, actorId, correlationId, changedFields/minimal metadata",after DB commit via outbox,at-least-once,yes; eventId/inbox unique,90 days domain / 30 days delivered outbox,change-feed projector; audit/history; notification/search/realtime as applicable
ProjectMemberRoleChanged,projects,"eventId, organizationId, aggregateId, aggregateType, aggregateVersion, occurredAt, actorId, correlationId, changedFields/minimal metadata",after DB commit via outbox,at-least-once,yes; eventId/inbox unique,90 days domain / 30 days delivered outbox,change-feed projector; audit/history; notification/search/realtime as applicable
ProjectOwnershipTransferred,projects,"eventId, organizationId, aggregateId, aggregateType, aggregateVersion, occurredAt, actorId, correlationId, changedFields/minimal metadata",after DB commit via outbox,at-least-once,yes; eventId/inbox unique,90 days domain / 30 days delivered outbox,change-feed projector; audit/history; notification/search/realtime as applicable
ProjectRestored,projects,"eventId, organizationId, aggregateId, aggregateType, aggregateVersion, occurredAt, actorId, correlationId, changedFields/minimal metadata",after DB commit via outbox,at-least-once,yes; eventId/inbox unique,90 days domain / 30 days delivered outbox,change-feed projector; audit/history; notification/search/realtime as applicable
ProjectRolePermissionsChanged,roles,"eventId, organizationId, aggregateId, aggregateType, aggregateVersion, occurredAt, actorId, correlationId, changedFields/minimal metadata",after DB commit via outbox,at-least-once,yes; eventId/inbox unique,90 days domain / 30 days delivered outbox,change-feed projector; audit/history; notification/search/realtime as applicable
ProjectUnarchived,projects,"eventId, organizationId, aggregateId, aggregateType, aggregateVersion, occurredAt, actorId, correlationId, changedFields/minimal metadata",after DB commit via outbox,at-least-once,yes; eventId/inbox unique,90 days domain / 30 days delivered outbox,change-feed projector; audit/history; notification/search/realtime as applicable
ProjectUpdated,projects,"eventId, organizationId, aggregateId, aggregateType, aggregateVersion, occurredAt, actorId, correlationId, changedFields/minimal metadata",after DB commit via outbox,at-least-once,yes; eventId/inbox unique,90 days domain / 30 days delivered outbox,change-feed projector; audit/history; notification/search/realtime as applicable
RecurrenceOccurrenceSkipped,recurrence,"eventId, organizationId, aggregateId, aggregateType, aggregateVersion, occurredAt, actorId, correlationId, changedFields/minimal metadata",after DB commit via outbox,at-least-once,yes; eventId/inbox unique,90 days domain / 30 days delivered outbox,change-feed projector; audit/history; notification/search/realtime as applicable
RecurrenceOccurrencesGenerated,recurrence,"eventId, organizationId, aggregateId, aggregateType, aggregateVersion, occurredAt, actorId, correlationId, changedFields/minimal metadata",after DB commit via outbox,at-least-once,yes; eventId/inbox unique,90 days domain / 30 days delivered outbox,change-feed projector; audit/history; notification/search/realtime as applicable
RecurrenceSeriesCancelled,recurrence,"eventId, organizationId, aggregateId, aggregateType, aggregateVersion, occurredAt, actorId, correlationId, changedFields/minimal metadata",business transaction writes domain event and outbox atomically,at-least-once,yes; source event ID is the consumer deduplication key,90 days domain / 30 days delivered outbox,idempotent change-feed projector; audit/history; notification/search/realtime as applicable
RecurrenceSeriesChanged,recurrence,"eventId, organizationId, aggregateId, aggregateType, aggregateVersion, occurredAt, actorId, correlationId, changedFields/minimal metadata",after DB commit via outbox,at-least-once,yes; eventId/inbox unique,90 days domain / 30 days delivered outbox,change-feed projector; audit/history; notification/search/realtime as applicable
RecurrenceSeriesCreated,recurrence,"eventId, organizationId, aggregateId, aggregateType, aggregateVersion, occurredAt, actorId, correlationId, changedFields/minimal metadata",after DB commit via outbox,at-least-once,yes; eventId/inbox unique,90 days domain / 30 days delivered outbox,change-feed projector; audit/history; notification/search/realtime as applicable
RecurrenceSeriesDeleted,recurrence,"eventId, organizationId, aggregateId, aggregateType, aggregateVersion, occurredAt, actorId, correlationId, changedFields/minimal metadata",after DB commit via outbox,at-least-once,yes; eventId/inbox unique,90 days domain / 30 days delivered outbox,change-feed projector; audit/history; notification/search/realtime as applicable
RecurrenceSeriesRestored,recurrence,"eventId, organizationId, aggregateId, aggregateType, aggregateVersion, occurredAt, actorId, correlationId, changedFields/minimal metadata",after DB commit via outbox,at-least-once,yes; eventId/inbox unique,90 days domain / 30 days delivered outbox,change-feed projector; audit/history; notification/search/realtime as applicable
RecurrenceSeriesUpdated,recurrence,"eventId, organizationId, aggregateId, aggregateType, aggregateVersion, occurredAt, actorId, correlationId, changedFields/minimal metadata",after DB commit via outbox,at-least-once,yes; eventId/inbox unique,90 days domain / 30 days delivered outbox,change-feed projector; audit/history; notification/search/realtime as applicable
ReminderCancelled,reminders,"eventId, organizationId, aggregateId, aggregateType, aggregateVersion, occurredAt, actorId, correlationId, changedFields/minimal metadata",business transaction writes domain event and outbox atomically,at-least-once,yes; source event ID is the consumer deduplication key,90 days domain / 30 days delivered outbox,idempotent change-feed projector; audit/history; notification/search/realtime as applicable
ReminderCreated,reminders,"eventId, organizationId, aggregateId, aggregateType, aggregateVersion, occurredAt, actorId, correlationId, changedFields/minimal metadata",after DB commit via outbox,at-least-once,yes; eventId/inbox unique,90 days domain / 30 days delivered outbox,change-feed projector; audit/history; notification/search/realtime as applicable
ReminderDeleted,reminders,"eventId, organizationId, aggregateId, aggregateType, aggregateVersion, occurredAt, actorId, correlationId, changedFields/minimal metadata",after DB commit via outbox,at-least-once,yes; eventId/inbox unique,90 days domain / 30 days delivered outbox,change-feed projector; audit/history; notification/search/realtime as applicable
ReminderDismissed,reminders,"eventId, organizationId, aggregateId, aggregateType, aggregateVersion, occurredAt, actorId, correlationId, changedFields/minimal metadata",after DB commit via outbox,at-least-once,yes; eventId/inbox unique,90 days domain / 30 days delivered outbox,change-feed projector; audit/history; notification/search/realtime as applicable
ReminderDue,worker/system,"eventId, organizationId, aggregateId, aggregateType, aggregateVersion, occurredAt, actorId, correlationId, changedFields/minimal metadata",after DB commit via outbox,at-least-once,yes; eventId/inbox unique,90 days domain / 30 days delivered outbox,change-feed projector; audit/history; notification/search/realtime as applicable
ReminderRestored,reminders,"eventId, organizationId, aggregateId, aggregateType, aggregateVersion, occurredAt, actorId, correlationId, changedFields/minimal metadata",after DB commit via outbox,at-least-once,yes; eventId/inbox unique,90 days domain / 30 days delivered outbox,change-feed projector; audit/history; notification/search/realtime as applicable
ReminderSnoozed,reminders,"eventId, organizationId, aggregateId, aggregateType, aggregateVersion, occurredAt, actorId, correlationId, changedFields/minimal metadata",after DB commit via outbox,at-least-once,yes; eventId/inbox unique,90 days domain / 30 days delivered outbox,change-feed projector; audit/history; notification/search/realtime as applicable
ReminderUpdated,reminders,"eventId, organizationId, aggregateId, aggregateType, aggregateVersion, occurredAt, actorId, correlationId, changedFields/minimal metadata",after DB commit via outbox,at-least-once,yes; eventId/inbox unique,90 days domain / 30 days delivered outbox,change-feed projector; audit/history; notification/search/realtime as applicable
RestoreRequested,admin,"eventId, organizationId, aggregateId, aggregateType, aggregateVersion, occurredAt, actorId, correlationId, changedFields/minimal metadata",after DB commit via outbox,at-least-once,yes; eventId/inbox unique,90 days domain / 30 days delivered outbox,change-feed projector; audit/history; notification/search/realtime as applicable
RoleCreated,roles,"eventId, organizationId, aggregateId, aggregateType, aggregateVersion, occurredAt, actorId, correlationId, changedFields/minimal metadata",after DB commit via outbox,at-least-once,yes; eventId/inbox unique,90 days domain / 30 days delivered outbox,change-feed projector; audit/history; notification/search/realtime as applicable
RoleDeactivated,roles,"eventId, organizationId, aggregateId, aggregateType, aggregateVersion, occurredAt, actorId, correlationId, changedFields/minimal metadata",business transaction writes domain event and outbox atomically,at-least-once,yes; source event ID is the consumer deduplication key,90 days domain / 30 days delivered outbox,idempotent change-feed projector; audit/history; notification/search/realtime as applicable
RoleDeleted,roles,"eventId, organizationId, aggregateId, aggregateType, aggregateVersion, occurredAt, actorId, correlationId, changedFields/minimal metadata",after DB commit via outbox,at-least-once,yes; eventId/inbox unique,90 days domain / 30 days delivered outbox,change-feed projector; audit/history; notification/search/realtime as applicable
RolePermissionsChanged,roles,"eventId, organizationId, aggregateId, aggregateType, aggregateVersion, occurredAt, actorId, correlationId, changedFields/minimal metadata",after DB commit via outbox,at-least-once,yes; eventId/inbox unique,90 days domain / 30 days delivered outbox,change-feed projector; audit/history; notification/search/realtime as applicable
RoleRestored,roles,"eventId, organizationId, aggregateId, aggregateType, aggregateVersion, occurredAt, actorId, correlationId, changedFields/minimal metadata",after DB commit via outbox,at-least-once,yes; eventId/inbox unique,90 days domain / 30 days delivered outbox,change-feed projector; audit/history; notification/search/realtime as applicable
RoleUpdated,roles,"eventId, organizationId, aggregateId, aggregateType, aggregateVersion, occurredAt, actorId, correlationId, changedFields/minimal metadata",after DB commit via outbox,at-least-once,yes; eventId/inbox unique,90 days domain / 30 days delivered outbox,change-feed projector; audit/history; notification/search/realtime as applicable
SearchDocumentDeleteRequested,worker/system,"eventId, organizationId, aggregateId, aggregateType, aggregateVersion, occurredAt, actorId, correlationId, changedFields/minimal metadata",after DB commit via outbox,at-least-once,yes; eventId/inbox unique,90 days domain / 30 days delivered outbox,change-feed projector; audit/history; notification/search/realtime as applicable
SearchDocumentUpsertRequested,worker/system,"eventId, organizationId, aggregateId, aggregateType, aggregateVersion, occurredAt, actorId, correlationId, changedFields/minimal metadata",after DB commit via outbox,at-least-once,yes; eventId/inbox unique,90 days domain / 30 days delivered outbox,change-feed projector; audit/history; notification/search/realtime as applicable
SearchReindexRequested,admin,"eventId, organizationId, aggregateId, aggregateType, aggregateVersion, occurredAt, actorId, correlationId, changedFields/minimal metadata",after DB commit via outbox,at-least-once,yes; eventId/inbox unique,90 days domain / 30 days delivered outbox,change-feed projector; audit/history; notification/search/realtime as applicable
SessionRefreshed,auth,"eventId, organizationId, aggregateId, aggregateType, aggregateVersion, occurredAt, actorId, correlationId, changedFields/minimal metadata",after DB commit via outbox,at-least-once,yes; eventId/inbox unique,90 days domain / 30 days delivered outbox,change-feed projector; audit/history; notification/search/realtime as applicable
SessionRevoked,auth,"eventId, organizationId, aggregateId, aggregateType, aggregateVersion, occurredAt, actorId, correlationId, changedFields/minimal metadata",after DB commit via outbox,at-least-once,yes; eventId/inbox unique,90 days domain / 30 days delivered outbox,change-feed projector; audit/history; notification/search/realtime as applicable
StorageThresholdExceeded,worker/system,"eventId, organizationId, aggregateId, aggregateType, aggregateVersion, occurredAt, actorId, correlationId, changedFields/minimal metadata",after DB commit via outbox,at-least-once,yes; eventId/inbox unique,90 days domain / 30 days delivered outbox,change-feed projector; audit/history; notification/search/realtime as applicable
SubtaskCreated,tasks,"eventId, organizationId, aggregateId, aggregateType, aggregateVersion, occurredAt, actorId, correlationId, changedFields/minimal metadata",after DB commit via outbox,at-least-once,yes; eventId/inbox unique,90 days domain / 30 days delivered outbox,change-feed projector; audit/history; notification/search/realtime as applicable
SyncBootstrapped,sync,"eventId, organizationId, aggregateId, aggregateType, aggregateVersion, occurredAt, actorId, correlationId, changedFields/minimal metadata",after DB commit via outbox,at-least-once,yes; eventId/inbox unique,90 days domain / 30 days delivered outbox,change-feed projector; audit/history; notification/search/realtime as applicable
SyncCursorAcknowledged,sync,"eventId, organizationId, aggregateId, aggregateType, aggregateVersion, occurredAt, actorId, correlationId, changedFields/minimal metadata",after DB commit via outbox,at-least-once,yes; eventId/inbox unique,90 days domain / 30 days delivered outbox,change-feed projector; audit/history; notification/search/realtime as applicable
TagCreated,tags,"eventId, organizationId, aggregateId, aggregateType, aggregateVersion, occurredAt, actorId, correlationId, changedFields/minimal metadata",after DB commit via outbox,at-least-once,yes; eventId/inbox unique,90 days domain / 30 days delivered outbox,change-feed projector; audit/history; notification/search/realtime as applicable
TagDeleted,tags,"eventId, organizationId, aggregateId, aggregateType, aggregateVersion, occurredAt, actorId, correlationId, changedFields/minimal metadata",after DB commit via outbox,at-least-once,yes; eventId/inbox unique,90 days domain / 30 days delivered outbox,change-feed projector; audit/history; notification/search/realtime as applicable
TagRestored,tags,"eventId, organizationId, aggregateId, aggregateType, aggregateVersion, occurredAt, actorId, correlationId, changedFields/minimal metadata",after DB commit via outbox,at-least-once,yes; eventId/inbox unique,90 days domain / 30 days delivered outbox,change-feed projector; audit/history; notification/search/realtime as applicable
TagUpdated,tags,"eventId, organizationId, aggregateId, aggregateType, aggregateVersion, occurredAt, actorId, correlationId, changedFields/minimal metadata",after DB commit via outbox,at-least-once,yes; eventId/inbox unique,90 days domain / 30 days delivered outbox,change-feed projector; audit/history; notification/search/realtime as applicable
TaskArchived,tasks,"eventId, organizationId, aggregateId, aggregateType, aggregateVersion, occurredAt, actorId, correlationId, changedFields/minimal metadata",after DB commit via outbox,at-least-once,yes; eventId/inbox unique,90 days domain / 30 days delivered outbox,change-feed projector; audit/history; notification/search/realtime as applicable
TaskAssigneesChanged,tasks,"eventId, organizationId, aggregateId, aggregateType, aggregateVersion, occurredAt, actorId, correlationId, changedFields/minimal metadata",after DB commit via outbox,at-least-once,yes; eventId/inbox unique,90 days domain / 30 days delivered outbox,change-feed projector; audit/history; notification/search/realtime as applicable
TaskCreated,tasks,"eventId, organizationId, aggregateId, aggregateType, aggregateVersion, occurredAt, actorId, correlationId, changedFields/minimal metadata",after DB commit via outbox,at-least-once,yes; eventId/inbox unique,90 days domain / 30 days delivered outbox,change-feed projector; audit/history; notification/search/realtime as applicable
TaskDeleted,tasks,"eventId, organizationId, aggregateId, aggregateType, aggregateVersion, occurredAt, actorId, correlationId, changedFields/minimal metadata",after DB commit via outbox,at-least-once,yes; eventId/inbox unique,90 days domain / 30 days delivered outbox,change-feed projector; audit/history; notification/search/realtime as applicable
TaskDependencyAdded,tasks,"eventId, organizationId, aggregateId, aggregateType, aggregateVersion, occurredAt, actorId, correlationId, changedFields/minimal metadata",after DB commit via outbox,at-least-once,yes; eventId/inbox unique,90 days domain / 30 days delivered outbox,change-feed projector; audit/history; notification/search/realtime as applicable
TaskDependencyRemoved,tasks,"eventId, organizationId, aggregateId, aggregateType, aggregateVersion, occurredAt, actorId, correlationId, changedFields/minimal metadata",after DB commit via outbox,at-least-once,yes; eventId/inbox unique,90 days domain / 30 days delivered outbox,change-feed projector; audit/history; notification/search/realtime as applicable
TaskOverdue,worker/system,"eventId, organizationId, aggregateId, aggregateType, aggregateVersion, occurredAt, actorId, correlationId, changedFields/minimal metadata",after DB commit via outbox,at-least-once,yes; eventId/inbox unique,90 days domain / 30 days delivered outbox,change-feed projector; audit/history; notification/search/realtime as applicable
TaskRestored,tasks,"eventId, organizationId, aggregateId, aggregateType, aggregateVersion, occurredAt, actorId, correlationId, changedFields/minimal metadata",after DB commit via outbox,at-least-once,yes; eventId/inbox unique,90 days domain / 30 days delivered outbox,change-feed projector; audit/history; notification/search/realtime as applicable
TaskScheduled,tasks,"eventId, organizationId, aggregateId, aggregateType, aggregateVersion, occurredAt, actorId, correlationId, changedFields/minimal metadata",after DB commit via outbox,at-least-once,yes; eventId/inbox unique,90 days domain / 30 days delivered outbox,change-feed projector; audit/history; notification/search/realtime as applicable
TaskStatusChanged,tasks,"eventId, organizationId, aggregateId, aggregateType, aggregateVersion, occurredAt, actorId, correlationId, changedFields/minimal metadata",after DB commit via outbox,at-least-once,yes; eventId/inbox unique,90 days domain / 30 days delivered outbox,change-feed projector; audit/history; notification/search/realtime as applicable
TaskUnarchived,tasks,"eventId, organizationId, aggregateId, aggregateType, aggregateVersion, occurredAt, actorId, correlationId, changedFields/minimal metadata",after DB commit via outbox,at-least-once,yes; eventId/inbox unique,90 days domain / 30 days delivered outbox,change-feed projector; audit/history; notification/search/realtime as applicable
TaskUpdated,tasks,"eventId, organizationId, aggregateId, aggregateType, aggregateVersion, occurredAt, actorId, correlationId, changedFields/minimal metadata",after DB commit via outbox,at-least-once,yes; eventId/inbox unique,90 days domain / 30 days delivered outbox,change-feed projector; audit/history; notification/search/realtime as applicable
TaskWatchersChanged,tasks,"eventId, organizationId, aggregateId, aggregateType, aggregateVersion, occurredAt, actorId, correlationId, changedFields/minimal metadata",after DB commit via outbox,at-least-once,yes; eventId/inbox unique,90 days domain / 30 days delivered outbox,change-feed projector; audit/history; notification/search/realtime as applicable
UserActivated,users,"eventId, organizationId, aggregateId, aggregateType, aggregateVersion, occurredAt, actorId, correlationId, changedFields/minimal metadata",after DB commit via outbox,at-least-once,yes; eventId/inbox unique,90 days domain / 30 days delivered outbox,change-feed projector; audit/history; notification/search/realtime as applicable
UserBlocked,users,"eventId, organizationId, aggregateId, aggregateType, aggregateVersion, occurredAt, actorId, correlationId, changedFields/minimal metadata",after DB commit via outbox,at-least-once,yes; eventId/inbox unique,90 days domain / 30 days delivered outbox,change-feed projector; audit/history; notification/search/realtime as applicable
UserCreated,users,"eventId, organizationId, aggregateId, aggregateType, aggregateVersion, occurredAt, actorId, correlationId, changedFields/minimal metadata",after DB commit via outbox,at-least-once,yes; eventId/inbox unique,90 days domain / 30 days delivered outbox,change-feed projector; audit/history; notification/search/realtime as applicable
UserDeactivated,users,"eventId, organizationId, aggregateId, aggregateType, aggregateVersion, occurredAt, actorId, correlationId, changedFields/minimal metadata",after DB commit via outbox,at-least-once,yes; eventId/inbox unique,90 days domain / 30 days delivered outbox,change-feed projector; audit/history; notification/search/realtime as applicable
UserLoggedIn,auth,"eventId, organizationId, aggregateId, aggregateType, aggregateVersion, occurredAt, actorId, correlationId, changedFields/minimal metadata",after DB commit via outbox,at-least-once,yes; eventId/inbox unique,90 days domain / 30 days delivered outbox,change-feed projector; audit/history; notification/search/realtime as applicable
UserLoggedOut,auth,"eventId, organizationId, aggregateId, aggregateType, aggregateVersion, occurredAt, actorId, correlationId, changedFields/minimal metadata",after DB commit via outbox,at-least-once,yes; eventId/inbox unique,90 days domain / 30 days delivered outbox,change-feed projector; audit/history; notification/search/realtime as applicable
UserReactivated,users,"eventId, organizationId, aggregateId, aggregateType, aggregateVersion, occurredAt, actorId, correlationId, changedFields/minimal metadata",after DB commit via outbox,at-least-once,yes; eventId/inbox unique,90 days domain / 30 days delivered outbox,change-feed projector; audit/history; notification/search/realtime as applicable
UserRolesChanged,roles,"eventId, organizationId, aggregateId, aggregateType, aggregateVersion, occurredAt, actorId, correlationId, changedFields/minimal metadata",after DB commit via outbox,at-least-once,yes; eventId/inbox unique,90 days domain / 30 days delivered outbox,change-feed projector; audit/history; notification/search/realtime as applicable
UserSettingsChanged,settings,"eventId, organizationId, aggregateId, aggregateType, aggregateVersion, occurredAt, actorId, correlationId, changedFields/minimal metadata",after DB commit via outbox,at-least-once,yes; eventId/inbox unique,90 days domain / 30 days delivered outbox,change-feed projector; audit/history; notification/search/realtime as applicable
UserUnblocked,users,"eventId, organizationId, aggregateId, aggregateType, aggregateVersion, occurredAt, actorId, correlationId, changedFields/minimal metadata",after DB commit via outbox,at-least-once,yes; eventId/inbox unique,90 days domain / 30 days delivered outbox,change-feed projector; audit/history; notification/search/realtime as applicable
UserUpdated,users,"eventId, organizationId, aggregateId, aggregateType, aggregateVersion, occurredAt, actorId, correlationId, changedFields/minimal metadata",after DB commit via outbox,at-least-once,yes; eventId/inbox unique,90 days domain / 30 days delivered outbox,change-feed projector; audit/history; notification/search/realtime as applicable
